entrezGeneId,hugoSymbol,name,oncogene,curatedIsoform,curatedRefSeq,geneAliases/0,tsg,geneAliases/1,geneAliases/2,geneAliases/3,geneAliases/4,geneAliases/5,geneAliases/6,geneAliases/7,geneAliases/8,geneAliases/9,geneAliases/10,geneAliases/11,geneAliases/12,geneAliases/13,geneAliases/14,geneAliases/15,geneAliases/16,geneAliases/17,geneAliases/18,geneAliases/19,geneAliases/20
865,CBFB,"core-binding factor, beta subunit",False,ENST00000412916,NM_022845.2,PEBP2B,False,,,,,,,,,,,,,,,,,,,,
92002,FAM58A,family with sequence similarity 58 member A,False,ENST00000406277,NM_152274.4,,False,,,,,,,,,,,,,,,,,,,,
7010,TEK,TEK receptor tyrosine kinase,False,ENST00000380036,NM_000459.3,TIE-2,False,CD202B,TIE2,VMCM,VMCM1,,,,,,,,,,,,,,,,
867,CBL,Cbl proto-oncogene,False,ENST00000264033,NM_005188.3,NSLL,True,RNF55,C-CBL,CBL2,,,,,,,,,,,,,,,,,
8036,SHOC2,"SHOC2, leucine rich repeat scaffold protein",False,ENST00000369452,NM_007373.3,SIAA0862,False,SOC2,SUR8,,,,,,,,,,,,,,,,,,
7015,TERT,telomerase reverse transcriptase,True,ENST00000310581,NM_198253.2,TP2,False,TRT,CMM9,PFBMFT1,TCS1,DKCA2,EST2,hEST2,hTRT,DKCB4,,,,,,,,,,,
23405,DICER1,"dicer 1, ribonuclease III",False,ENST00000343455,NM_030621.3,DCR1,False,RMSE2,K12H4.8-LIKE,Dicer,Dicer1e,HERNA,MNG1,,,,,,,,,,,,,,
79728,PALB2,partner and localizer of BRCA2,False,ENST00000261584,NM_024675.3,FANCN,False,PNCA3,,,,,,,,,,,,,,,,,,,
11122,PTPRT,"protein tyrosine phosphatase, receptor type T",False,ENST00000373198,NM_133170.3,RPTPrho,False,,,,,,,,,,,,,,,,,,,,
2932,GSK3B,glycogen synthase kinase 3 beta,False,ENST00000316626,NM_002093.3,,False,,,,,,,,,,,,,,,,,,,,
6009,RHEB,Ras homolog enriched in brain,True,ENST00000262187,NM_005614.3,RHEB2,False,,,,,,,,,,,,,,,,,,,,
55164,SHQ1,"SHQ1, H/ACA ribonucleoprotein assembly factor",False,ENST00000325599,NM_018130.2,Shq1p,True,GRIM-1,,,,,,,,,,,,,,,,,,,
894,CCND2,cyclin D2,True,ENST00000261254,NM_001759.3,MPPH3,False,KIAK0002,,,,,,,,,,,,,,,,,,,
10111,RAD50,RAD50 double strand break repair protein,False,ENST00000265335,NM_005732.3,hRad50,True,RAD502,NBSLD,,,,,,,,,,,,,,,,,,
896,CCND3,cyclin D3,True,ENST00000372991,NM_001760.3,,False,,,,,,,,,,,,,,,,,,,,
6016,RIT1,Ras like without CAAX 1,True,ENST00000368323,NM_006912.5,RIBB,False,NS8,RIT,ROC1,,,,,,,,,,,,,,,,,
898,CCNE1,cyclin E1,True,ENST00000262643,NM_001238.2,pCCNE1,False,CCNE,,,,,,,,,,,,,,,,,,,
23429,RYBP,RING1 and YY1 binding protein,False,ENST00000477973,NM_012234.5,APAP-1,True,DEDAF,YEAF1,AAP1,,,,,,,,,,,,,,,,,
7046,TGFBR1,transforming growth factor beta receptor 1,False,ENST00000374994,NM_004612.2,TGFR-1,True,LDS1A,LDS2A,LDS1,ALK5,ACVRLK4,ESS1,MSSE,SKR4,tbetaR-I,AAT5,ALK-5,,,,,,,,,
7048,TGFBR2,transforming growth factor beta receptor 2,False,ENST00000359013,NM_001024847.2,AAT3,True,LDS1B,LDS2,LDS2B,TGFR-2,RIIC,MFS2,TAAD2,FAA3,TGFbeta-RII,,,,,,,,,,,
2956,MSH6,mutS homolog 6,False,ENST00000234420,NM_000179.2,GTMBP,True,HNPCC5,p160,GTBP,HSAP,,,,,,,,,,,,,,,,
8085,KMT2D,lysine methyltransferase 2D,False,ENST00000301067,NM_003482.3,AAD10,True,KABUK1,MLL2,TNRC21,ALR,CAGL114,,,,,,,,,,,,,,,
54165,DCUN1D1,defective in cullin neddylation 1 domain containing 1,False,ENST00000292782,NM_020640.2,DCUN1L1,False,SCCRO,Tes3,DCNL1,RP42,SCRO,,,,,,,,,,,,,,,
9113,LATS1,large tumor suppressor kinase 1,False,ENST00000253339,NM_004690.3,wts,False,WARTS,,,,,,,,,,,,,,,,,,,
55193,PBRM1,polybromo 1,False,ENST00000394830,NM_018313.4,BAF180,True,PB1,,,,,,,,,,,,,,,,,,,
23451,SF3B1,splicing factor 3b subunit 1,True,ENST00000335508,NM_012433.2,PRP10,False,SAP155,Hsh155,PRPF10,SF3b155,MDS,,,,,,,,,,,,,,,
26524,LATS2,large tumor suppressor kinase 2,False,ENST00000382592,NM_014572.2,KPM,False,,,,,,,,,,,,,,,,,,,,
1956,EGFR,epidermal growth factor receptor,True,ENST00000275493,NM_005228.3,PIG61,False,ERBB1,mENA,ERBB,HER1,NISBD2,,,,,,,,,,,,,,,
4004,LMO1,LIM domain only 1,False,ENST00000335790,NM_002315.2,RBTN1,False,RHOM1,TTG1,,,,,,,,,,,,,,,,,,
7080,NKX2-1,NK2 homeobox 1,False,ENST00000354822,NM_001079668.2,NKX2A,False,BCH,NK-2,TEBP,TITF1,NKX2.1,BHC,NMTC1,TTF-1,T/EBP,,,,,,,,,,,
1964,EIF1AX,"eukaryotic translation initiation factor 1A, X-linked",False,ENST00000379607,NM_001412.3,EIF1AP1,False,eIF-4C,eIF-1A,EIF1A,EIF4C,,,,,,,,,,,,,,,,
196528,ARID2,AT-rich interaction domain 2,False,ENST00000334344,NM_152641.2,p200,True,BAF200,,,,,,,,,,,,,,,,,,,
23476,BRD4,bromodomain containing 4,True,ENST00000263377,NM_058243.2,HUNKI,False,MCAP,CAP,HUNK1,,,,,,,,,,,,,,,,,
1974,EIF4A2,eukaryotic translation initiation factor 4A2,False,ENST00000323963,NM_001967.3,EIF4A,False,eIF4A-II,DDX2B,EIF4F,eIF-4A-II,BM-010,,,,,,,,,,,,,,,
1977,EIF4E,eukaryotic translation initiation factor 4E,False,ENST00000280892,NM_001130678.1,CBP,False,eIF-4E,EIF4EL1,EIF4F,AUTS19,EIF4E1,,,,,,,,,,,,,,,
3006,HIST1H1C,"histone cluster 1, H1c",False,ENST00000343677,NM_005319.3,H1s-1,False,H1F2,H1C,H1.2,,,,,,,,,,,,,,,,,
54206,ERRFI1,ERBB receptor feedback inhibitor 1,False,ENST00000377482,NM_018948.3,RALT,True,MIG-6,GENE-33,MIG6,,,,,,,,,,,,,,,,,
11200,CHEK2,checkpoint kinase 2,True,ENST00000328354,NM_007194.3,HuCds1,False,RAD53,CHK2,PP1425,LFS2,hCds1,,,,,,,,,,,,,,,
5058,PAK1,p21 (RAC1) activated kinase 1,False,ENST00000356341,NM_002576.4,PAKalpha,False,,,,,,,,,,,,,,,,,,,,
3017,HIST1H2BD,"histone cluster 1, H2bd",False,ENST00000289316,NM_021063.3,HIRIP2,False,H2B/b,H2BFB,dJ221C16.6,H2B.1B,,,,,,,,,,,,,,,,
7113,TMPRSS2,"transmembrane protease, serine 2",True,ENST00000398585,NM_001135099.1,PP9284,False,PRSS10,,,,,,,,,,,,,,,,,,,
3020,H3F3A,"H3 histone, family 3A",False,ENST00000366813,NM_002107.4,H3F3,False,H3.3A,,,,,,,,,,,,,,,,,,,
973,CD79A,CD79a molecule,False,ENST00000221972,NM_001783.3,IGA,False,MB-1,,,,,,,,,,,,,,,,,,,
3021,H3F3B,"H3 histone, family 3B (H3.3B)",False,ENST00000254810,NM_005324.3,H3.3B,False,,,,,,,,,,,,,,,,,,,,
974,CD79B,CD79b molecule,False,ENST00000392795,NM_001039933.1,AGM6,False,IGB,B29,,,,,,,,,,,,,,,,,,
1999,ELF3,E74 like ETS transcription factor 3,False,ENST00000359651,NM_004433.4,ERT,False,ESE-1,EPR-1,ESX,,,,,,,,,,,,,,,,,
5071,PARK2,parkin RBR E3 ubiquitin protein ligase,False,ENST00000366898,NM_004562.2,PDJ,False,LPRS2,AR-JP,,,,,,,,,,,,,,,,,,
161742,SPRED1,sprouty related EVH1 domain containing 1,False,ENST00000299084,NM_152594.2,spred-1,False,NFLS,hSpred1,PPP1R147,,,,,,,,,,,,,,,,,
6098,ROS1,"ROS proto-oncogene 1, receptor tyrosine kinase",True,ENST00000368508,NM_002944.2,MCF3,False,ROS,c-ros-1,,,,,,,,,,,,,,,,,,
55252,ASXL2,"additional sex combs like 2, transcriptional regulator",False,ENST00000435504,NM_018263.4,ASXH2,True,,,,,,,,,,,,,,,,,,,,
5079,PAX5,paired box 5,False,ENST00000358127,NM_016734.2,ALL3,False,BSAP,,,,,,,,,,,,,,,,,,,
9175,MAP3K13,mitogen-activated protein kinase kinase kinase 13,False,ENST00000265026,NM_004721.4,LZK,False,MLK,MEKK13,,,,,,,,,,,,,,,,,,
7128,TNFAIP3,TNF alpha induced protein 3,False,ENST00000237289,NM_006290.3,TNFA1P2,False,AISBL,OTUD7C,A20,,,,,,,,,,,,,,,,,
23512,SUZ12,SUZ12 polycomb repressive complex 2 subunit,False,ENST00000322652,NM_015355.2,CHET9,False,JJAZ1,,,,,,,,,,,,,,,,,,,
26585,GREM1,"gremlin 1, DAN family BMP antagonist",False,ENST00000300177,NM_013372.6,PIG2,False,CRCS4,DAND2,GREMLIN,HMPS,CKTSF1B1,IHG-2,DUP15q,C15DUPq,HMPS1,CRAC1,MPSH,DRM,,,,,,,,
51162,EGFL7,EGF like domain multiple 7,False,ENST00000308874,NM_201446.2,VE-STATIN,False,ZNEU1,,,,,,,,,,,,,,,,,,,
83931,STK40,serine/threonine kinase 40,False,ENST00000373129,NM_032017.1,SHIK,False,SgK495,,,,,,,,,,,,,,,,,,,
4067,LYN,"LYN proto-oncogene, Src family tyrosine kinase",False,ENST00000519728,NM_002350.3,p53Lyn,False,p56Lyn,JTK8,,,,,,,,,,,,,,,,,,
4068,SH2D1A,SH2 domain containing 1A,False,ENST00000371139,NM_002351.4,XLPD,False,LYP,XLPD1,SAP,DSHP,IMD5,SAP/SH2D1A,EBVS,XLP,,,,,,,,,,,,
998,CDC42,cell division cycle 42,False,ENST00000344548,NM_001791.3,G25K,False,CDC42Hs,TKS,,,,,,,,,,,,,,,,,,
999,CDH1,cadherin 1,False,ENST00000261769,NM_004360.3,LCAM,True,CDHE,ECAD,CD324,Arc-1,UVO,,,,,,,,,,,,,,,
4072,EPCAM,epithelial cell adhesion molecule,False,ENST00000263735,NM_002354.2,HNPCC8,False,EGP314,M4S1,MK-1,EGP40,KS1/4,TACSTD1,MIC18,ESA,TROP1,KSA,EGP-2,DIAR5,,,,,,,,
7150,TOP1,topoisomerase (DNA) I,False,ENST00000361337,NM_003286.2,TOPI,True,,,,,,,,,,,,,,,,,,,,
2033,EP300,E1A binding protein p300,False,ENST00000263253,NM_001429.3,p300,True,KAT3B,RSTS2,,,,,,,,,,,,,,,,,,
2034,EPAS1,endothelial PAS domain protein 1,False,ENST00000263734,NM_001430.4,MOP2,False,PASD2,ECYT4,HIF2A,bHLHe73,,,,,,,,,,,,,,,,
126961,HIST2H3C,"histone cluster 2, H3c",False,ENST00000369158,NM_021059.2,H3FN,False,H3FM,H3F2,H3/M,H3,H3.2,,,,,,,,,,,,,,,
7157,TP53,tumor protein p53,False,ENST00000269305,NM_000546.5,TRP53,True,BCC7,LFS1,P53,,,,,,,,,,,,,,,,,
7158,TP53BP1,tumor protein p53 binding protein 1,False,ENST00000382044,NM_001141980.1,TDRD30,True,p53BP1,53BP1,p202,,,,,,,,,,,,,,,,,
4087,SMAD2,SMAD family member 2,False,ENST00000262160,NM_001003652.3,hSMAD2,True,JV18,MADH2,MADR2,JV18-1,hMAD-2,,,,,,,,,,,,,,,
4088,SMAD3,SMAD family member 3,False,ENST00000327367,NM_005902.3,MADH3,True,LDS1C,HSPC193,LDS3,HsT17436,JV15-2,,,,,,,,,,,,,,,
4089,SMAD4,SMAD family member 4,False,ENST00000342988,NM_005359.5,JIP,True,MADH4,MYHRS,DPC4,,,,,,,,,,,,,,,,,
2042,EPHA3,EPH receptor A3,False,ENST00000336596,NM_005233.5,ETK1,False,HEK4,TYRO4,ETK,EK4,HEK,,,,,,,,,,,,,,,
1019,CDK4,cyclin dependent kinase 4,True,ENST00000257904,NM_000075.3,PSK-J3,False,CMM3,,,,,,,,,,,,,,,,,,,
2044,EPHA5,EPH receptor A5,False,ENST00000273854,NM_004439.5,EK7,False,CEK7,EHK-1,HEK7,EHK1,TYRO4,,,,,,,,,,,,,,,
9212,AURKB,aurora kinase B,True,ENST00000585124,NM_004217.3,PPP1R48,False,AIK2,AIM1,STK12,ARK2,aurkb-sv2,aurkb-sv1,AurB,STK5,IPL1,AIM-1,,,,,,,,,,
1021,CDK6,cyclin dependent kinase 6,True,ENST00000265734,NM_001145306.1,PLSTIRE,False,MCPH12,,,,,,,,,,,,,,,,,,,
2045,EPHA7,EPH receptor A7,False,ENST00000369303,NM_004440.3,EHK-3,False,EK11,HEK11,EHK3,,,,,,,,,,,,,,,,,
-2,Other Biomarkers,Other Biomarkers,False,,,,False,,,,,,,,,,,,,,,,,,,,
55294,FBXW7,F-box and WD repeat domain containing 7,False,ENST00000281708,NM_033632.3,FBX30,True,hAgo,FBXW6,SEL-10,hCdc4,AGO,FBW6,SEL10,FBW7,CDC4,,,,,,,,,,,
2047,EPHB1,EPH receptor B1,False,ENST00000398015,NM_004441.4,ELK,False,EPHT2,Hek6,NET,,,,,,,,,,,,,,,,,
1024,CDK8,cyclin dependent kinase 8,False,ENST00000381527,NM_001260.1,K35,False,,,,,,,,,,,,,,,,,,,,
1026,CDKN1A,cyclin dependent kinase inhibitor 1A,False,ENST00000244741,NM_078467.2,CIP1,True,p21CIP1,CDKN1,WAF1,CAP20,P21,MDA-6,SDI1,,,,,,,,,,,,,
1027,CDKN1B,cyclin dependent kinase inhibitor 1B,False,ENST00000228872,NM_004064.3,CDKN4,True,MEN1B,MEN4,P27KIP1,KIP1,,,,,,,,,,,,,,,,
1029,CDKN2A,cyclin dependent kinase inhibitor 2A,False,ENST00000304494,NM_000077.4,P16INK4A,True,MTS1,TP16,P16INK4,INK4,P14ARF,P19ARF,CDK4I,MLM,CMM2,P14,MTS-1,P16,ARF,P19,INK4A,P16-INK4A,CDKN2,,,
1030,CDKN2B,cyclin dependent kinase inhibitor 2B,False,ENST00000276925,NM_004936.3,MTS2,True,P15,TP15,INK4B,CDK4I,p15INK4b,,,,,,,,,,,,,,,
1031,CDKN2C,cyclin dependent kinase inhibitor 2C,False,ENST00000262662,NM_078626.2,p18-INK4C,True,p18,INK4C,,,,,,,,,,,,,,,,,,
3082,HGF,hepatocyte growth factor,True,ENST00000222390,NM_000601.4,F-TCF,False,DFNB39,HPTA,HGFB,,,,,,,,,,,,,,,,,
8202,NCOA3,nuclear receptor coactivator 3,False,ENST00000371998,NM_181659.2,TNRC14,False,AIB-1,AIB1,SRC3,pCIP,CTG26,CAGH16,bHLHe42,KAT13B,TRAM-1,TNRC16,SRC-3,ACTR,,,,,,,,
5133,PDCD1,programmed cell death 1,False,ENST00000334409,NM_005018.2,hPD-l,False,SLEB2,CD279,PD1,PD-1,hSLE1,hPD-1,,,,,,,,,,,,,,
171023,ASXL1,"additional sex combs like 1, transcriptional regulator",False,ENST00000375687,NM_015338.5,MDS,True,BOPS,,,,,,,,,,,,,,,,,,,
2064,ERBB2,erb-b2 receptor tyrosine kinase 2,True,ENST00000269571,NM_004448.2,CD340,False,MLN 19,TKR1,NGL,HER-2/neu,HER2,HER-2,NEU,,,,,,,,,,,,,
2065,ERBB3,erb-b2 receptor tyrosine kinase 3,True,ENST00000267101,NM_001982.3,ErbB-3,False,p180-ErbB3,p45-sErbB3,LCCS2,c-erbB-3,c-erbB3,p85-sErbB3,MDA-BF-1,erbB3-S,HER3,,,,,,,,,,,
2066,ERBB4,erb-b2 receptor tyrosine kinase 4,True,ENST00000342788,NM_005235.2,ALS19,False,p180erbB4,HER4,,,,,,,,,,,,,,,,,,
7186,TRAF2,TNF receptor associated factor 2,False,ENST00000247668,NM_021138.3,TRAP3,False,MGC:45012,TRAP,,,,,,,,,,,,,,,,,,
2068,ERCC2,"ERCC excision repair 2, TFIIH core complex helicase subunit",False,ENST00000391945,NM_000400.3,EM9,True,TTD,TFIIH,TTD1,COFS2,XPD,,,,,,,,,,,,,,,
83990,BRIP1,BRCA1 interacting protein C-terminal helicase 1,False,ENST00000259008,NM_032043.2,FANCJ,False,OF,,,,,,,,,,,,,,,,,,,
2071,ERCC3,"ERCC excision repair 3, TFIIH core complex helicase subunit",False,ENST00000285398,NM_000122.1,GTF2H,True,BTF2,TFIIH,TTD2,RAD25,XPB,,,,,,,,,,,,,,,
139285,AMER1,APC membrane recruitment protein 1,False,ENST00000330258,NM_152424.3,FAM123B,True,OSCS,WTX,,,,,,,,,,,,,,,,,,
2072,ERCC4,"ERCC excision repair 4, endonuclease catalytic subunit",False,ENST00000311895,NM_005236.2,XFEPS,True,FANCQ,ERCC11,XPF,,,,,,,,,,,,,,,,,
25,ABL1,"ABL proto-oncogene 1, non-receptor tyrosine kinase",True,ENST00000318560,NM_005157.4,v-abl,False,bcr/abl,JTK7,c-ABL1,c-ABL,ABL,p150,,,,,,,,,,,,,,
2073,ERCC5,"ERCC excision repair 5, endonuclease",False,ENST00000355739,NM_000123.3,ERCC5-201,False,UVDR,ERCM2,XPGC,XPG,COFS3,,,,,,,,,,,,,,,
1050,CEBPA,CCAAT/enhancer binding protein alpha,False,ENST00000498907,NM_004364.3,C/EBP-alpha,True,CEBP,,,,,,,,,,,,,,,,,,,
2077,ERF,ETS2 repressor factor,False,ENST00000222329,NM_006494.2,PE2,True,CRS4,PE-2,,,,,,,,,,,,,,,,,,
2078,ERG,"ERG, ETS transcription factor",True,ENST00000288319,NM_182918.3,p55,False,erg-3,,,,,,,,,,,,,,,,,,,
3105,HLA-A,"major histocompatibility complex, class I, A",False,ENST00000376809,NM_001242758.1,HLAA,True,HLA-A11,HLA-A33,Aw-33,Aw-74,,,,,,,,,,,,,,,,
1058,CENPA,centromere protein A,False,ENST00000335756,NM_001809.3,CenH3,False,CENP-A,,,,,,,,,,,,,,,,,,,
3106,HLA-B,"major histocompatibility complex, class I, B",False,ENST00000412585,NM_005514.6,HEL-S-83,True,SPDA1,HLA-B39,B-4901,Bw-47,HLAB,HLA-B55,HLA-B-3905,Bw-50,HLA-B*45ZJ,HLA-B-3506,HLA-B15,HLA-B59,HLA-B-5502,HLA-B49,HLA-B-5602,HLA-Cw,AS,B-5001,HLA-B50,HLA-B61
5156,PDGFRA,platelet derived growth factor receptor alpha,True,ENST00000257290,NM_006206.4,PDGFR2,False,RHEPDGFRA,GAS9,PDGFR-2,CD140A,,,,,,,,,,,,,,,,
5159,PDGFRB,platelet derived growth factor receptor beta,True,ENST00000261799,NM_002609.3,PDGFR1,False,KOGS,PDGFR-1,JTK12,PDGFR,IBGC4,IMF1,PENTT,CD140B,,,,,,,,,,,,
8233,ZRSR2,"zinc finger CCCH-type, RNA binding motif and serine/arginine rich 2",False,ENST00000307771,NM_005089.3,URP,False,ZC3H22,U2AF1-RS2,U2AF1RS2,U2AF1L2,,,,,,,,,,,,,,,,
8241,RBM10,RNA binding motif protein 10,False,ENST00000329236,NM_001204468.1,GPATCH9,True,S1-1,TARPS,DXS8237E,GPATC9,ZRANB5,,,,,,,,,,,,,,,
5170,PDPK1,3-phosphoinositide dependent protein kinase 1,False,ENST00000342085,NM_002613.4,PRO0461,False,PDPK2,,,,,,,,,,,,,,,,,,,
8242,KDM5C,lysine demethylase 5C,False,ENST00000375401,NM_004187.3,MRXJ,True,JARID1C,MRX13,MRXSCJ,MRXSJ,SMCX,DXS1272E,XE169,,,,,,,,,,,,,
2099,ESR1,estrogen receptor 1,True,ENST00000206249,NM_001122740.1,ESR,False,ESTRR,Era,ER,ESRA,NR3A1,,,,,,,,,,,,,,,
4149,MAX,MYC associated factor X,False,ENST00000358664,NM_002382.4,bHLHd4,False,,,,,,,,,,,,,,,,,,,,
6199,RPS6KB2,ribosomal protein S6 kinase B2,False,ENST00000312629,NM_003952.2,P70-beta-1,False,P70-beta,P70-beta-2,STK14B,KLS,p70(S6K)-beta,S6K-beta2,S6K2,p70S6Kb,SRK,,,,,,,,,,,
2115,ETV1,ETS variant 1,True,ENST00000405192,NM_001163147.1,ER81,False,,,,,,,,,,,,,,,,,,,,
2118,ETV4,ETS variant 4,False,ENST00000319349,NM_001079675.2,E1AF,False,PEA3,PEAS3,E1A-F,,,,,,,,,,,,,,,,,
2120,ETV6,ETS variant 6,True,ENST00000396373,NM_001987.4,THC5,False,TEL/ABL,TEL,,,,,,,,,,,,,,,,,,
4170,MCL1,BCL2 family apoptosis regulator,False,ENST00000369026,NM_021960.4,Mcl-1,False,bcl2-L-3,MCL1S,EAT,TM,mcl1/EAT,MCL1-ES,BCL2L3,MCL1L,,,,,,,,,,,,
7248,TSC1,tuberous sclerosis 1,False,ENST00000298552,NM_000368.4,TSC,True,LAM,,,,,,,,,,,,,,,,,,,
10320,IKZF1,IKAROS family zinc finger 1,False,ENST00000331340,ENST00000331340,CVID13,False,IKAROS,PRO0758,LyF-1,LYF1,Hs.54452,ZNFN1A1,IK1,PPP1R92,,,,,,,,,,,,
7249,TSC2,tuberous sclerosis 2,False,ENST00000219476,NM_000548.3,PPP1R160,True,TSC4,LAM,,,,,,,,,,,,,,,,,,
2130,EWSR1,EWS RNA binding protein 1,True,ENST00000397938,NM_005243.3,EWS,False,EWS-FLI1,bK984G1.4,,,,,,,,,,,,,,,,,,
7253,TSHR,thyroid stimulating hormone receptor,False,ENST00000298171,NM_000369.2,CHNG1,False,LGR3,hTSHR-I,,,,,,,,,,,,,,,,,,
1111,CHEK1,checkpoint kinase 1,False,ENST00000428830,NM_001274.5,CHK1,False,,,,,,,,,,,,,,,,,,,,
90,ACVR1,activin A receptor type 1,True,ENST00000263640,NM_001111067.2,SKR1,False,TSRI,FOP,ACVRLK2,ACTRI,ALK2,ACVR1A,,,,,,,,,,,,,,
6237,RRAS,related RAS viral (r-ras) oncogene homolog,False,ENST00000246792,NM_006270.3,,False,,,,,,,,,,,,,,,,,,,,
2145,EZH1,enhancer of zeste 1 polycomb repressive complex 2 subunit,False,ENST00000428826,NM_001991.3,KMT6B,False,,,,,,,,,,,,,,,,,,,,
3169,FOXA1,forkhead box A1,True,ENST00000250448,NM_004496.3,HNF3A,False,TCF3A,,,,,,,,,,,,,,,,,,,
4193,MDM2,MDM2 proto-oncogene,True,ENST00000462284,NM_002392.5,hdm2,False,HDMX,ACTFS,,,,,,,,,,,,,,,,,,
8289,ARID1A,AT-rich interaction domain 1A,False,ENST00000324856,NM_006015.4,MRD14,True,hOSA1,BAF250a,C1orf4,hELD,SMARCF1,BM029,CSS2,OSA1,BAF250,B120,ELD,P270,,,,,,,,
2146,EZH2,enhancer of zeste 2 polycomb repressive complex 2 subunit,True,ENST00000320356,NM_004456.4,ENX-1,False,ENX1,EZH2b,WVS,WVS2,KMT6,KMT6A,,,,,,,,,,,,,,
4194,MDM4,"MDM4, p53 regulator",True,ENST00000367182,NM_002393.4,MRP1,False,HDMX,MDMX,,,,,,,,,,,,,,,,,,
8290,HIST3H3,"histone cluster 3, H3",False,ENST00000366696,NM_003493.2,H3.4,False,H3/g,H3FT,H3t,,,,,,,,,,,,,,,,,
9314,KLF4,Kruppel like factor 4,False,ENST00000374672,NM_004235.4,EZF,False,GKLF,,,,,,,,,,,,,,,,,,,
4207,BORCS8-MEF2B,BORCS8-MEF2B readthrough,False,,,LOC729991-MEF2B,False,MEF2BNB-MEF2B,,,,,,,,,,,,,,,,,,,
333932,HIST2H3A,"histone cluster 2, H3a",False,ENST00000331491,NM_001005464.2,H3/o,False,H3/n,,,,,,,,,,,,,,,,,,,
6256,RXRA,retinoid X receptor alpha,False,ENST00000481739,NM_002957.4,NR2B1,False,,,,,,,,,,,,,,,,,,,,
4214,MAP3K1,mitogen-activated protein kinase kinase kinase 1,False,ENST00000399503,NM_005921.1,MEKK1,True,MAPKKK1,MEKK,MEKK 1,SRXY6,,,,,,,,,,,,,,,,
8312,AXIN1,axin 1,False,ENST00000262320,NM_003502.3,AXIN,True,PPP1R49,,,,,,,,,,,,,,,,,,,
5241,PGR,progesterone receptor,False,ENST00000325455,NM_000926.4,PR,False,NR3C3,,,,,,,,,,,,,,,,,,,
8313,AXIN2,axin 2,False,ENST00000307078,NM_004655.3,AXIL,True,ODCRCS,,,,,,,,,,,,,,,,,,,
8314,BAP1,BRCA1 associated protein 1,False,ENST00000460680,NM_004656.3,HUCEP-13,True,hucep-6,,,,,,,,,,,,,,,,,,,
4221,MEN1,menin 1,False,ENST00000337652,NM_000244.3,MEAI,True,,,,,,,,,,,,,,,,,,,,
2175,FANCA,Fanconi anemia complementation group A,False,ENST00000389301,NM_000135.2,FANCH,True,FA-H,FAA,FACA,FA,,,,,,,,,,,,,,,,
2176,FANCC,Fanconi anemia complementation group C,False,ENST00000289081,NM_000136.2,FA3,True,FAC,FACC,,,,,,,,,,,,,,,,,,
4233,MET,"MET proto-oncogene, receptor tyrosine kinase",True,ENST00000397752,NM_000245.2,RCCP2,False,HGFR,c-Met,DFNB97,AUTS9,,,,,,,,,,,,,,,,
7307,U2AF1,U2 small nuclear RNA auxiliary factor 1,True,ENST00000291552,NM_006758.2,FP793,False,U2AFBP,RN,RNU2AF1,U2AF35,,,,,,,,,,,,,,,,
58508,KMT2C,lysine methyltransferase 2C,False,ENST00000262189,NM_170606.2,MLL3,True,HALR,,,,,,,,,,,,,,,,,,,
142,PARP1,poly(ADP-ribose) polymerase 1,True,ENST00000366794,NM_001618.3,pADPRT-1,False,PPOL,ARTD1,PARP,ADPRT,ADPRT 1,ADPRT1,PARP-1,,,,,,,,,,,,,
2195,FAT1,FAT atypical cadherin 1,False,ENST00000441802,NM_005245.3,CDHF7,True,FAT,hFat1,ME5,CDHR8,,,,,,,,,,,,,,,,
57492,ARID1B,AT-rich interaction domain 1B,False,ENST00000346085,NM_020732.3,OSA2,True,CSS1,MRD12,BAF250B,6A3-5,DAN15,ELD/OSA1,P250R,BRIGHT,,,,,,,,,,,,
8350,HIST1H3A,"histone cluster 1, H3a",False,ENST00000357647,NM_003529.2,H3FA,False,H3/A,,,,,,,,,,,,,,,,,,,
8351,HIST1H3D,"histone cluster 1, H3d",False,ENST00000356476,NM_003530.4,H3FB,False,H3/b,,,,,,,,,,,,,,,,,,,
8352,HIST1H3C,"histone cluster 1, H3c",False,ENST00000540144,NM_003531.2,H3FC,False,H3/c,H3.1,,,,,,,,,,,,,,,,,,
8353,HIST1H3E,"histone cluster 1, H3e",False,ENST00000360408,NM_003532.2,H3/d,False,H3FD,H3.1,,,,,,,,,,,,,,,,,,
8354,HIST1H3I,"histone cluster 1, H3i",False,ENST00000328488,NM_003533.2,H3.f,False,H3/f,H3FF,,,,,,,,,,,,,,,,,,
8355,HIST1H3G,"histone cluster 1, H3g",False,ENST00000305910,NM_003534.2,H3/h,False,H3FH,,,,,,,,,,,,,,,,,,,
8356,HIST1H3J,"histone cluster 1, H3j",False,ENST00000359303,NM_003535.2,H3/j,False,H3FJ,,,,,,,,,,,,,,,,,,,
8357,HIST1H3H,"histone cluster 1, H3h",False,ENST00000369163,NM_003536.2,H3FK,False,H3/k,H3F1K,,,,,,,,,,,,,,,,,,
8358,HIST1H3B,"histone cluster 1, H3b",False,ENST00000244661,NM_003537.3,H3FL,False,H3/l,,,,,,,,,,,,,,,,,,,
5288,PIK3C2G,phosphatidylinositol-4-phosphate 3-kinase catalytic subunit type 2 gamma,False,ENST00000266497,NM_004570.4,PI3K-C2GAMMA,False,PI3K-C2-gamma,,,,,,,,,,,,,,,,,,,
5289,PIK3C3,phosphatidylinositol 3-kinase catalytic subunit type 3,True,ENST00000262039,NM_002647.2,Vps34,False,hVps34,VPS34,,,,,,,,,,,,,,,,,,
5290,PIK3CA,"phosphatidylinositol-4,5-bisphosphate 3-kinase catalytic subunit alpha",True,ENST00000263967,NM_006218.2,MCAP,False,p110-alpha,PI3K,CLOVE,MCM,PI3K-alpha,CWS5,MCMTC,,,,,,,,,,,,,
5291,PIK3CB,"phosphatidylinositol-4,5-bisphosphate 3-kinase catalytic subunit beta",True,ENST00000289153,NM_006219.2,P110BETA,False,PI3K,PIK3C1,PI3KBETA,,,,,,,,,,,,,,,,,
257194,NEGR1,neuronal growth regulator 1,False,ENST00000357731,NM_173808.2,Ntra,False,DMML2433,IGLON4,KILON,,,,,,,,,,,,,,,,,
5292,PIM1,"Pim-1 proto-oncogene, serine/threonine kinase",False,ENST00000373509,NM_002648.3,PIM,False,,,,,,,,,,,,,,,,,,,,
5293,PIK3CD,"phosphatidylinositol-4,5-bisphosphate 3-kinase catalytic subunit delta",True,ENST00000377346,NM_005026.3,APDS,False,PI3K,p110D,IMD14,P110DELTA,,,,,,,,,,,,,,,,
10413,YAP1,Yes associated protein 1,True,ENST00000282441,NM_001130145.2,YAP2,False,YAP65,COB1,YKI,YAP,,,,,,,,,,,,,,,,
84142,FAM175A,family with sequence similarity 175 member A,False,ENST00000321945,NM_139076.2,ABRA1,False,CCDC98,,,,,,,,,,,,,,,,,,,
5294,PIK3CG,"phosphatidylinositol-4,5-bisphosphate 3-kinase catalytic subunit gamma",True,ENST00000359195,NM_002649.2,PI3K,False,PIK3,p120-PI3K,PI3CG,p110gamma,PI3Kgamma,,,,,,,,,,,,,,,
5295,PIK3R1,phosphoinositide-3-kinase regulatory subunit 1,False,ENST00000274335,NM_181523.2,p85-ALPHA,True,GRB1,IMD36,p85,AGM7,,,,,,,,,,,,,,,,
5296,PIK3R2,phosphoinositide-3-kinase regulatory subunit 2,False,ENST00000222254,NM_005027.3,P85B,False,MPPH1,p85-BETA,p85,MPPH,,,,,,,,,,,,,,,,
57521,RPTOR,regulatory associated protein of MTOR complex 1,True,ENST00000306801,NM_020761.2,Mip1,False,KOG1,,,,,,,,,,,,,,,,,,,
9401,RECQL4,RecQ like helicase 4,False,ENST00000428558,ENST00000428558,RECQ4,False,,,,,,,,,,,,,,,,,,,,
4286,MITF,melanogenesis associated transcription factor,False,ENST00000352241,NM_198159.2,bHLHe32,False,WS2A,WS2,CMM8,MI,,,,,,,,,,,,,,,,
84159,ARID5B,AT-rich interaction domain 5B,False,ENST00000279873,NM_032199.2,MRF-2,True,MRF2,DESRT,,,,,,,,,,,,,,,,,,
3265,HRAS,"HRas proto-oncogene, GTPase",True,ENST00000311189,NM_001130442.1,C-H-RAS,False,HAMSV,p21ras,C-BAS/HAS,HRAS1,CTLO,H-RASIDX,C-HA-RAS1,RASH1,,,,,,,,,,,,
4292,MLH1,mutL homolog 1,False,ENST00000231790,NM_000249.3,HNPCC,True,HNPCC2,FCC2,COCA2,hMLH1,,,,,,,,,,,,,,,,
2248,FGF3,fibroblast growth factor 3,True,ENST00000334134,NM_005247.2,INT2,False,HBGF-3,,,,,,,,,,,,,,,,,,,
2249,FGF4,fibroblast growth factor 4,True,ENST00000168712,NM_002007.2,HBGF-4,False,HST-1,K-FGF,HST,HSTF1,KFGF,,,,,,,,,,,,,,,
4297,KMT2A,lysine methyltransferase 2A,False,ENST00000534358,NM_001197104.1,MLL-AF9,True,MLL1,TRX1,HTRX1,TET1-MLL,ALL-1,MLL/GAS7,MLL,MLL1A,CXXC7,HRX,WDSTS,,,,,,,,,
207,AKT1,AKT serine/threonine kinase 1,True,ENST00000349310,NM_001014431.1,PRKBA,False,RAC,PKB,CWS6,AKT,RAC-ALPHA,PKB-ALPHA,,,,,,,,,,,,,,
208,AKT2,AKT serine/threonine kinase 2,True,ENST00000392038,NM_001626.4,HIHGHH,False,PRKBB,PKBBETA,RAC-BETA,PKBB,,,,,,,,,,,,,,,,
2260,FGFR1,fibroblast growth factor receptor 1,True,ENST00000425967,NM_001174067.1,N-SAM,False,FLT2,ECCL,CEK,HBGFR,HRTFDS,BFGFR,FGFR-1,FLT-2,OGD,FGFBR,HH2,bFGF-R-1,CD331,KAL2,,,,,,
2261,FGFR3,fibroblast growth factor receptor 3,True,ENST00000260795,NM_000142.4,JTK4,False,HSFGFR3EX,ACH,CEK2,CD333,,,,,,,,,,,,,,,,
8405,SPOP,speckle type BTB/POZ protein,False,ENST00000347630,NM_001007228.1,TEF2,True,BTBD32,,,,,,,,,,,,,,,,,,,
2263,FGFR2,fibroblast growth factor receptor 2,True,ENST00000358487,NM_000141.4,BBDS,False,BFR-1,CEK3,JWS,BEK,K-SAM,KGFR,ECT1,TK14,TK25,CD332,CFD1,,,,,,,,,
2264,FGFR4,fibroblast growth factor receptor 4,True,ENST00000292408,NM_213647.1,JTK2,False,CD334,TKF,,,,,,,,,,,,,,,,,,
5336,PLCG2,phospholipase C gamma 2,False,ENST00000359376,NM_002661.3,PLC-IV,False,PLC-gamma-2,APLAID,FCAS3,,,,,,,,,,,,,,,,,
2271,FH,fumarate hydratase,False,ENST00000366560,NM_000143.3,HLRCC,True,LRCC,MCL,MCUL1,FMRD,,,,,,,,,,,,,,,,
7403,KDM6A,lysine demethylase 6A,False,ENST00000377967,NM_021140.2,UTX,True,bA386N14.2,KABUK2,,,,,,,,,,,,,,,,,,
238,ALK,anaplastic lymphoma receptor tyrosine kinase,True,ENST00000389048,NM_004304.4,NBLST3,False,CD246,,,,,,,,,,,,,,,,,,,
10481,HOXB13,homeobox B13,False,ENST00000290295,NM_006361.5,PSGD,False,,,,,,,,,,,,,,,,,,,,
242,ALOX12B,"arachidonate 12-lipoxygenase, 12R type",False,ENST00000319144,NM_001139.2,ARCI2,False,12R-LOX,,,,,,,,,,,,,,,,,,,
64754,SMYD3,SET and MYND domain containing 3,False,ENST00000388985,NM_001167740.1,KMT3E,False,bA74P14.1,ZNFN3A1,ZMYND1,,,,,,,,,,,,,,,,,
6389,SDHA,succinate dehydrogenase complex flavoprotein subunit A,False,ENST00000264932,NM_004168.2,PGL5,True,CMD1GG,SDHF,FP,SDH1,SDH2,,,,,,,,,,,,,,,
5366,PMAIP1,phorbol-12-myristate-13-acetate-induced protein 1,False,ENST00000316660,NM_021127.2,APR,False,NOXA,,,,,,,,,,,,,,,,,,,
6390,SDHB,succinate dehydrogenase complex iron sulfur subunit B,False,ENST00000375499,NM_003000.2,SDH,True,IP,PGL4,CWS2,SDH1,SDH2,SDHIP,,,,,,,,,,,,,,
8438,RAD54L,RAD54-like (S. cerevisiae),False,ENST00000371975,NM_001142548.1,hRAD54,False,HR54,hHR54,RAD54A,,,,,,,,,,,,,,,,,
6391,SDHC,succinate dehydrogenase complex subunit C,False,ENST00000367975,NM_003001.3,CYB560,True,SDH3,PGL3,QPS1,CYBL,,,,,,,,,,,,,,,,
6392,SDHD,succinate dehydrogenase complex subunit D,False,ENST00000375549,NM_003002.3,CBT1,True,PGL,CII-4,PGL1,QPs3,cybS,CWS3,SDH4,,,,,,,,,,,,,
7422,VEGFA,vascular endothelial growth factor A,False,ENST00000523873,NM_001171623.1,MVCD1,False,VEGF,VPF,,,,,,,,,,,,,,,,,,
4352,MPL,"MPL proto-oncogene, thrombopoietin receptor",False,ENST00000372470,NM_005373.2,CD110,False,THCYT2,TPOR,MPLV,C-MPL,,,,,,,,,,,,,,,,
5378,PMS1,"PMS1 homolog 1, mismatch repair system component",False,ENST00000441310,NM_000534.4,PMSL1,False,HNPCC3,hPMS1,MLH2,,,,,,,,,,,,,,,,,
10498,CARM1,coactivator associated arginine methyltransferase 1,False,ENST00000327064,NM_199141.1,PRMT4,False,,,,,,,,,,,,,,,,,,,,
2308,FOXO1,forkhead box O1,False,ENST00000379561,NM_002015.3,FOXO1A,False,FKH1,FKHR,,,,,,,,,,,,,,,,,,
7428,VHL,von Hippel-Lindau tumor suppressor,False,ENST00000256474,NM_000551.3,HRCA1,True,pVHL,VHL1,,,,,,,,,,,,,,,,,,
8452,CUL3,cullin 3,False,ENST00000264414,NM_003590.4,PHA2E,False,CUL-3,,,,,,,,,,,,,,,,,,,
79109,MAPKAP1,mitogen-activated protein kinase associated protein 1,False,ENST00000265960,NM_001006617.1,MIP1,False,SIN1b,JC310,SIN1g,SIN1,,,,,,,,,,,,,,,,
84231,TRAF7,TNF receptor associated factor 7,False,ENST00000326181,NM_032271.2,RFWD1,False,RNF119,,,,,,,,,,,,,,,,,,,
3337,DNAJB1,DnaJ heat shock protein family (Hsp40) member B1,False,ENST00000254322,NM_006145.1,Hdj1,False,Sis1,HSPF1,Hsp40,RSPH16B,,,,,,,,,,,,,,,,
4361,MRE11A,"MRE11 homolog A, double strand break repair nuclease",False,ENST00000323929,NM_005591.3,HNGS1,False,ATLD,MRE11B,,,,,,,,,,,,,,,,,,
6416,MAP2K4,mitogen-activated protein kinase kinase 4,False,ENST00000353533,NM_003010.3,MKK4,True,SAPKK1,SERK1,MEK4,JNKK,MAPKK4,PRKMK4,SKK1,JNKK1,SAPKK-1,SEK1,,,,,,,,,,
22800,RRAS2,related RAS viral (r-ras) oncogene homolog 2,True,ENST00000256196,NM_012250.5,TC21,False,,,,,,,,,,,,,,,,,,,,
2321,FLT1,fms related tyrosine kinase 1,True,ENST00000282397,NM_002019.4,VEGFR1,False,VEGFR-1,FLT-1,FLT,,,,,,,,,,,,,,,,,
2322,FLT3,fms related tyrosine kinase 3,True,ENST00000241453,NM_004119.2,STK1,False,FLK-2,CD135,FLK2,,,,,,,,,,,,,,,,,
5395,PMS2,"PMS1 homolog 2, mismatch repair system component",False,ENST00000265849,NM_000535.5,HNPCC4,False,PMSL2,MLH4,,,,,,,,,,,,,,,,,,
2324,FLT4,fms related tyrosine kinase 4,True,ENST00000261937,NM_182925.4,VEGFR3,False,FLT41,VEGFR-3,PCL,FLT-4,LMPH1A,,,,,,,,,,,,,,,
6427,SRSF2,serine and arginine rich splicing factor 2,False,ENST00000359995,NM_003016.4,SFRS2A,False,PR264,SC35,SFRS2,SRp30b,SC-35,,,,,,,,,,,,,,,
653604,HIST2H3D,"histone cluster 2, H3d",False,ENST00000331491,NM_001123375.2,,False,,,,,,,,,,,,,,,,,,,,
7468,WHSC1,Wolf-Hirschhorn syndrome candidate 1,False,ENST00000382891,NM_001042424.2,MMSET,False,WHS,TRX5,REIIBP,,,,,,,,,,,,,,,,,
8493,PPM1D,"protein phosphatase, Mg2+/Mn2+ dependent 1D",True,ENST00000305921,NM_003620.3,PP2C-DELTA,False,WIP1,,,,,,,,,,,,,,,,,,,
5424,POLD1,"polymerase (DNA) delta 1, catalytic subunit",False,ENST00000440232,NM_002691.3,POLD,True,MDPL,CRCS10,CDC2,,,,,,,,,,,,,,,,,
5426,POLE,"polymerase (DNA) epsilon, catalytic subunit",False,ENST00000320574,NM_006231.2,POLE1,True,CRCS12,FILS,,,,,,,,,,,,,,,,,,
90417,KNSTRN,kinetochore localized astrin/SPAG5 binding protein,False,ENST00000249776,NM_033286.3,SKAP,False,HSD11,TRAF4AF1,C15orf23,,,,,,,,,,,,,,,,,
8503,PIK3R3,phosphoinositide-3-kinase regulatory subunit 3,False,ENST00000262741,NM_003629.3,p55-GAMMA,True,p55PIK,p55,,,,,,,,,,,,,,,,,,
7490,WT1,Wilms tumor 1,False,ENST00000332351,NM_024426.4,EWS-WT1,False,WT33,GUD,NPHS4,WIT-2,AWT1,WAGR,,,,,,,,,,,,,,
324,APC,"APC, WNT signaling pathway regulator",False,ENST00000257430,NM_000038.5,BTPS2,True,DP3,PPP1R46,DP2,GS,DP2.5,,,,,,,,,,,,,,,
3399,ID3,"inhibitor of DNA binding 3, HLH protein",False,ENST00000374561,NM_002167.4,HEIR-1,False,bHLHb25,,,,,,,,,,,,,,,,,,,
143686,SESN3,sestrin 3,False,ENST00000536441,NM_144665.3,SEST3,False,,,,,,,,,,,,,,,,,,,,
253260,RICTOR,RPTOR independent companion of MTOR complex 2,True,ENST00000357387,NM_152756.3,AVO3,False,PIA,hAVO3,,,,,,,,,,,,,,,,,,
330,BIRC3,baculoviral IAP repeat containing 3,False,ENST00000263464,NM_182962.2,MIHC,False,HAIP1,API2,AIP1,RNF49,c-IAP2,HIAP1,MALT2,CIAP2,,,,,,,,,,,,
331,XIAP,X-linked inhibitor of apoptosis,False,ENST00000355640,NM_001167.3,MIHA,False,ILP1,API3,BIRC4,hIAP3,IAP-3,hIAP-3,XLP2,,,,,,,,,,,,,
25937,WWTR1,WW domain containing transcription regulator 1,False,ENST00000360632,NM_001168280.1,,False,,,,,,,,,,,,,,,,,,,,
4436,MSH2,mutS homolog 2,False,ENST00000233146,NM_000251.2,LCFS2,True,HNPCC,COCA1,HNPCC1,FCC1,,,,,,,,,,,,,,,,
4437,MSH3,mutS homolog 3,False,ENST00000265081,NM_002439.4,MRP1,False,DUP,,,,,,,,,,,,,,,,,,,
4440,MSI1,musashi RNA binding protein 1,False,ENST00000257552,NM_002442.3,,False,,,,,,,,,,,,,,,,,,,,
3417,IDH1,"isocitrate dehydrogenase (NADP(+)) 1, cytosolic",True,ENST00000345146,NM_005896.2,IDP,False,HEL-216,IDH,IDPC,IDCD,HEL-S-26,PICD,,,,,,,,,,,,,,
3418,IDH2,"isocitrate dehydrogenase (NADP(+)) 2, mitochondrial",True,ENST00000330062,NM_002168.2,IDHM,False,IDP,D2HGA2,mNADP-IDH,IDPM,IDH,ICD-M,,,,,,,,,,,,,,
7514,XPO1,exportin 1,False,ENST00000401558,NM_003400.3,emb,False,exp1,CRM1,,,,,,,,,,,,,,,,,,
5468,PPARG,peroxisome proliferator activated receptor gamma,False,ENST00000287820,NM_015869.4,PPARG1,False,PPARG2,CIMT1,GLM1,PPARgamma,NR1C3,,,,,,,,,,,,,,,
7516,XRCC2,X-ray repair cross complementing 2,False,ENST00000359321,NM_005431.1,FANCU,True,,,,,,,,,,,,,,,,,,,,
7525,YES1,"YES proto-oncogene 1, Src family tyrosine kinase",False,ENST00000314574,NM_005433.3,HsT441,False,c-yes,P61-YES,Yes,,,,,,,,,,,,,,,,,
55654,TMEM127,transmembrane protein 127,False,ENST00000258439,NM_001193304.2,,False,,,,,,,,,,,,,,,,,,,,
1387,CREBBP,CREB binding protein,False,ENST00000262367,NM_004380.2,CBP,True,KAT3A,RSTS,,,,,,,,,,,,,,,,,,
22894,DIS3,"DIS3 homolog, exosome endoribonuclease and 3'-5' exoribonuclease",False,ENST00000377767,NM_014953.3,KIAA1008,False,EXOSC11,2810028N01Rik,dis3p,RRP44,,,,,,,,,,,,,,,,
367,AR,androgen receptor,True,ENST00000374690,NM_000044.3,NR3C4,False,DHTR,HYSP1,SBMA,SMAX1,AR8,KD,TFM,AIS,HUMARA,,,,,,,,,,,
369,ARAF,"A-Raf proto-oncogene, serine/threonine kinase",True,ENST00000377045,NM_001654.4,ARAF1,False,A-RAF,RAFA1,PKS2,,,,,,,,,,,,,,,,,
80243,PREX2,"phosphatidylinositol-3,4,5-trisphosphate dependent Rac exchange factor 2",False,ENST00000288368,NM_024870.2,PPP1R129,False,DEP.2,P-REX2,DEPDC2,,,,,,,,,,,,,,,,,
1399,CRKL,"CRK like proto-oncogene, adaptor protein",True,ENST00000354336,NM_005207.3,,False,,,,,,,,,,,,,,,,,,,,
387,RHOA,ras homolog family member A,True,ENST00000418115,NM_001664.2,ARH12,False,ARHA,RHOH12,RHO12,,,,,,,,,,,,,,,,,
3459,IFNGR1,interferon gamma receptor 1,False,ENST00000367739,NM_000416.2,IMD27A,False,IMD27B,CD119,IFNGR,,,,,,,,,,,,,,,,,
4485,MST1,macrophage stimulating 1,False,ENST00000449682,NM_020998.3,NF15S2,False,HGFL,D3F15S2,MSP,DNF15S2,,,,,,,,,,,,,,,,
4486,MST1R,macrophage stimulating 1 receptor,False,ENST00000296474,NM_002447.2,RON,False,PTK8,CDw136,CD136,,,,,,,,,,,,,,,,,
9611,NCOR1,nuclear receptor corepressor 1,False,ENST00000268712,NM_006311.3,TRAC1,True,PPP1R109,N-CoR,hN-CoR,N-CoR1,,,,,,,,,,,,,,,,
5518,PPP2R1A,protein phosphatase 2 scaffold subunit Aalpha,False,ENST00000322088,NM_014225.5,MRD36,False,PP2AAALPHA,PP2A-Aalpha,PR65A,,,,,,,,,,,,,,,,,
29072,SETD2,SET domain containing 2,False,ENST00000409792,NM_014159.6,HIF-1,True,HYPB,LLS,p231HBP,KMT3A,SET2,HIP-1,HSPC069,HBP231,,,,,,,,,,,,
3479,IGF1,insulin like growth factor 1,True,ENST00000307046,NM_001111285.1,IGF-I,False,IGFI,MGF,,,,,,,,,,,,,,,,,,
3480,IGF1R,insulin like growth factor 1 receptor,True,ENST00000268035,NM_000875.3,IGFIR,False,IGFR,JTK13,CD221,,,,,,,,,,,,,,,,,
3481,IGF2,insulin like growth factor 2,True,ENST00000434045,NM_001127598.1,C11orf43,False,PP9974,GRDF,IGF-II,,,,,,,,,,,,,,,,,
1436,CSF1R,colony stimulating factor 1 receptor,False,ENST00000286301,NM_005211.3,HDLS,False,CSFR,C-FMS,FIM2,CD115,M-CSF-R,FMS,CSF-1R,,,,,,,,,,,,,
29086,BABAM1,BRISC and BRCA1 A complex member 1,False,ENST00000359435,NM_001033549.1,NBA1,False,C19orf62,MERIT40,HSPC142,,,,,,,,,,,,,,,,,
1441,CSF3R,colony stimulating factor 3 receptor,False,ENST00000361632,NM_000760.3,GCSFR,False,CD114,,,,,,,,,,,,,,,,,,,
5537,PPP6C,protein phosphatase 6 catalytic subunit,True,ENST00000373547,NM_002721.4,PP6,False,PP6C,,,,,,,,,,,,,,,,,,,
10664,CTCF,CCCTC-binding factor,False,ENST00000264010,NM_006565.3,MRD21,True,,,,,,,,,,,,,,,,,,,,
9641,IKBKE,"inhibitor of kappa light polypeptide gene enhancer in B-cells, kinase epsilon",False,ENST00000367120,NM_014002.3,IKK-i,False,IKKI,IKK-E,IKKE,,,,,,,,,,,,,,,,,
2475,MTOR,mechanistic target of rapamycin,True,ENST00000361445,NM_004958.3,FRAP1,False,RAFT1,FRAP2,FRAP,SKS,RAPT1,,,,,,,,,,,,,,,
29102,DROSHA,drosha ribonuclease III,False,ENST00000344624,NM_013235.4,RNASEN,False,RANSE3L,ETOHI2,HSA242976,RNASE3L,RN3,,,,,,,,,,,,,,,
151987,PPP4R2,protein phosphatase 4 regulatory subunit 2,False,ENST00000356692,NM_174907.2,PP4R2,False,,,,,,,,,,,,,,,,,,,,
8626,TP63,tumor protein p63,False,ENST00000264731,NM_003722.4,OFC8,False,AIS,SHFM4,p63,B(p51B),p40,p51,B(p51A),p73H,EEC3,TP53CP,TP73L,LMS,p73L,TP53L,p53CP,KET,RHS,NBP,,
80312,TET1,tet methylcytosine dioxygenase 1,False,ENST00000373644,NM_030625.2,LCX,False,TET1-MLL,MLL-TET1,CXXC6,bA119F7.1,,,,,,,,,,,,,,,,
9656,MDC1,mediator of DNA damage checkpoint 1,False,ENST00000376406,NM_014641.2,NFBD1,False,,,,,,,,,,,,,,,,,,,,
29123,ANKRD11,ankyrin repeat domain 11,False,ENST00000301030,NM_013275.5,ANCO1,False,LZ16,T13,ANCO-1,,,,,,,,,,,,,,,,,
5573,PRKAR1A,protein kinase cAMP-dependent type I regulatory subunit alpha,False,ENST00000358598,NM_212471.2,ADOHR,False,CAR,CNC1,CNC,TSE1,PRKAR1,ACRDYS1,PKR1,PPNAD1,,,,,,,,,,,,
6597,SMARCA4,"SWI/SNF related, matrix associated, actin dependent regulator of chromatin, subfamily a, member 4",False,ENST00000344626,NM_003072.3,SNF2LB,True,SNF2,SNF2L4,BAF190,BRG1,BAF190A,MRD16,RTPS2,SWI2,hSNF2b,CSS4,,,,,,,,,,
6598,SMARCB1,"SWI/SNF related, matrix associated, actin dependent regulator of chromatin, subfamily b, member 1",False,ENST00000263121,NM_003073.3,MRD15,True,hSNFS,SNF5L1,Sfh1p,RTPS1,SWNTS1,BAF47,PPP1R144,SNF5,Snr1,CSS3,INI1,,,,,,,,,
29126,CD274,CD274 molecule,False,ENST00000381577,NM_014143.3,B7H1,False,PD-L1,PDCD1L1,PDCD1LG1,PDL1,B7-H,,,,,,,,,,,,,,,
6602,SMARCD1,"SWI/SNF related, matrix associated, actin dependent regulator of chromatin, subfamily d, member 1",False,ENST00000394963,NM_003076.4,BAF60A,False,Rsc6p,CRACD1,,,,,,,,,,,,,,,,,,
201163,FLCN,folliculin,False,ENST00000285071,NM_144997.5,BHD,False,FLCL,,,,,,,,,,,,,,,,,,,
8651,SOCS1,suppressor of cytokine signaling 1,False,ENST00000332029,NM_003745.1,CISH1,False,SSI-1,JAB,CIS1,SOCS-1,SSI1,TIP3,,,,,,,,,,,,,,
27086,FOXP1,forkhead box P1,False,ENST00000318789,NM_001244814.1,HSPC215,False,12CC4,hFKH1B,QRF1,MFH,,,,,,,,,,,,,,,,
463,ZFHX3,zinc finger homeobox 3,False,ENST00000268489,NM_006885.3,ATBF1,False,ZNF927,ATBT,,,,,,,,,,,,,,,,,,
5584,PRKCI,protein kinase C iota,True,ENST00000295797,NM_002740.5,DXS1179E,False,PKCI,nPKC-iota,,,,,,,,,,,,,,,,,,
6608,SMO,"smoothened, frizzled class receptor",True,ENST00000249373,NM_005631.4,Gx,False,FZD11,SMOH,,,,,,,,,,,,,,,,,,
84433,CARD11,caspase recruitment domain family member 11,False,ENST00000396946,NM_032415.4,CARMA1,False,IMD11,BENTA,BIMP3,PPBL,,,,,,,,,,,,,,,,
5587,PRKD1,protein kinase D1,False,ENST00000331968,NM_002742.2,PKCM,False,PKD,PKC-MU,PRKCM,,,,,,,,,,,,,,,,,
100271849,MEF2B,myocyte enhancer factor 2B,True,ENST00000162023,NM_001145785.1,RSRFR2,False,,,,,,,,,,,,,,,,,,,,
8660,IRS2,insulin receptor substrate 2,True,ENST00000375856,NM_003749.2,IRS-2,False,,,,,,,,,,,,,,,,,,,,
1493,CTLA4,cytotoxic T-lymphocyte associated protein 4,True,ENST00000302823,NM_005214.4,ALPS5,False,CD,CD152,CELIAC3,IDDM12,GSE,CTLA-4,GRD4,,,,,,,,,,,,,
472,ATM,ATM serine/threonine kinase,False,ENST00000278616,NM_000051.3,ATC,True,TEL1,ATE,ATDC,TELO1,AT1,ATA,,,,,,,,,,,,,,
9688,NUP93,nucleoporin 93,False,ENST00000308159,NM_014669.4,NIC96,False,NPHS12,,,,,,,,,,,,,,,,,,,
5594,MAPK1,mitogen-activated protein kinase 1,True,ENST00000215832,NM_002745.4,PRKM1,False,PRKM2,p41mapk,ERT1,p41,p40,P42MAPK,ERK-2,ERK2,p38,p42-MAPK,MAPK2,ERK,,,,,,,,
1499,CTNNB1,catenin beta 1,True,ENST00000349496,NM_001904.3,MRD19,False,CTNNB,armadillo,,,,,,,,,,,,,,,,,,
5595,MAPK3,mitogen-activated protein kinase 3,False,ENST00000263025,NM_002746.2,ERK-1,False,P44MAPK,PRKM3,ERK1,HUMKER1A,HS44KDAP,P44ERK1,ERT2,p44-MAPK,p44-ERK1,,,,,,,,,,,
84444,DOT1L,DOT1 like histone lysine methyltransferase,False,ENST00000398665,NM_032482.2,KMT4,False,DOT1,,,,,,,,,,,,,,,,,,,
5604,MAP2K1,mitogen-activated protein kinase kinase 1,True,ENST00000307102,NM_002755.3,MKK1,False,PRKMK1,MEK1,MAPKK1,CFC3,,,,,,,,,,,,,,,,
51684,SUFU,SUFU negative regulator of hedgehog signaling,False,ENST00000369902,NM_016169.3,SUFUXL,False,PRO1280,SUFUH,,,,,,,,,,,,,,,,,,
5605,MAP2K2,mitogen-activated protein kinase kinase 2,False,ENST00000262948,NM_030662.3,MKK2,False,PRKMK2,MAPKK2,CFC4,MEK2,,,,,,,,,,,,,,,,
23013,SPEN,spen family transcriptional repressor,False,ENST00000375759,NM_015001.2,HIAA0929,True,RBM15C,MINT,SHARP,,,,,,,,,,,,,,,,,
2534,FYN,"FYN proto-oncogene, Src family tyrosine kinase",False,ENST00000368678,NM_153047.3,p59-FYN,False,SYN,,,,,,,,,,,,,,,,,,,
27113,BBC3,BCL2 binding component 3,False,ENST00000449228,NM_001127240.2,JFY-1,False,JFY1,PUMA,,,,,,,,,,,,,,,,,,
63978,PRDM14,PR domain 14,False,ENST00000276594,NM_024504.3,PFM11,False,,,,,,,,,,,,,,,,,,,,
10735,STAG2,stromal antigen 2,False,ENST00000218089,NM_001042749.1,SCC3B,True,bA517O1.1,SA-2,SA2,,,,,,,,,,,,,,,,,
84464,SLX4,SLX4 structure-specific endonuclease subunit,False,ENST00000294008,NM_032444.2,MUS312,False,FANCP,BTBD12,,,,,,,,,,,,,,,,,,
4595,MUTYH,mutY DNA glycosylase,False,ENST00000372115,NM_001048171.1,MYH,False,,,,,,,,,,,,,,,,,,,,
3575,IL7R,interleukin 7 receptor,False,ENST00000303115,NM_002185.3,ILRA,False,IL-7R-alpha,CD127,CDW127,IL7RA,,,,,,,,,,,,,,,,
80380,PDCD1LG2,programmed cell death 1 ligand 2,False,ENST00000397747,NM_025239.3,CD273,False,bA574F11.2,PD-L2,PDCD1L2,B7DC,Btdc,PDL2,,,,,,,,,,,,,,
6654,SOS1,SOS Ras/Rac guanine nucleotide exchange factor 1,False,ENST00000402219,NM_005633.3,GINGF,False,GF1,GGF1,NS4,,,,,,,,,,,,,,,,,
80381,CD276,CD276 molecule,False,ENST00000318443,NM_001024736.1,B7RP-2,False,B7-H3,4Ig-B7-H3,B7H3,,,,,,,,,,,,,,,,,
4609,MYC,v-myc avian myelocytomatosis viral oncogene homolog,True,ENST00000377970,NM_002467.4,c-Myc,False,MYCC,MRTL,bHLHe39,,,,,,,,,,,,,,,,,
6657,SOX2,SRY-box 2,False,ENST00000325404,NM_003106.3,ANOP3,False,MCOPS3,,,,,,,,,,,,,,,,,,,
3586,IL10,interleukin 10,False,ENST00000423557,NM_000572.2,CSIF,False,TGIF,GVHDS,IL10A,IL-10,,,,,,,,,,,,,,,,
4610,MYCL,v-myc avian myelocytomatosis viral oncogene lung carcinoma derived homolog,False,ENST00000397332,NM_001033082.2,L-Myc,False,LMYC,bHLHe38,MYCL1,,,,,,,,,,,,,,,,,
1540,CYLD,CYLD lysine 63 deubiquitinase,False,ENST00000398568,NM_001042355.1,CYLDI,False,MFT1,SBS,EAC,CDMT,CYLD1,MFT,USPL2,TEM,BRSS,,,,,,,,,,,
4613,MYCN,v-myc avian myelocytomatosis viral oncogene neuroblastoma derived homolog,True,ENST00000281043,NM_005378.4,ODED,False,MODED,bHLHe37,N-myc,NMYC,,,,,,,,,,,,,,,,
6662,SOX9,SRY-box 9,False,ENST00000245479,NM_000346.3,SRXY10,False,CMPD1,CMD1,SRXX2,,,,,,,,,,,,,,,,,
54790,TET2,tet methylcytosine dioxygenase 2,False,ENST00000380013,NM_001127208.2,KIAA1546,True,MDS,,,,,,,,,,,,,,,,,,,
4615,MYD88,myeloid differentiation primary response 88,True,ENST00000396334,NM_002468.4,MYD88D,False,,,,,,,,,,,,,,,,,,,,
5644,PRSS1,"protease, serine 1",False,ENST00000311737,NM_002769.4,TRY1,False,TRP1,TRYP1,TRY4,,,,,,,,,,,,,,,,,
10769,PLK2,polo like kinase 2,False,ENST00000274289,NM_006622.3,SNK,False,hPlk2,hSNK,,,,,,,,,,,,,,,,,,
8726,EED,embryonic ectoderm development,False,ENST00000263360,NM_003797.3,WAIT1,False,HEED,,,,,,,,,,,,,,,,,,,
27161,AGO2,"argonaute 2, RISC catalytic component",False,ENST00000220592,NM_012154.3,Q10,False,EIF2C2,,,,,,,,,,,,,,,,,,,
9757,KMT2B,lysine methyltransferase 2B,False,ENST00000222270,NM_014727.1,MLL4,True,HRX2,WBP-7,CXXC10,WBP7,MLL1B,TRX2,,,,,,,,,,,,,,
545,ATR,ATR serine/threonine kinase,False,ENST00000350721,NM_001184.3,SCKL1,True,MEC1,SCKL,FRP1,FCTCS,,,,,,,,,,,,,,,,
546,ATRX,"ATRX, chromatin remodeler",False,ENST00000373344,NM_000489.3,JMS,True,MRXHF1,SFM1,MRX52,XH2,ZNF-HX,RAD54,XNP,ATR2,SHS,,,,,,,,,,,
51750,RTEL1,regulator of telomere elongation helicase 1,False,ENST00000508582,NM_032957.4,NHL,False,DKCA4,DKCB5,C20orf41,PFBMFT3,RTEL,,,,,,,,,,,,,,,
3623,INHA,inhibin alpha subunit,False,ENST00000243786,NM_002191.3,,False,,,,,,,,,,,,,,,,,,,,
3624,INHBA,inhibin beta A subunit,False,ENST00000242208,NM_002192.2,FRP,False,EDF,,,,,,,,,,,,,,,,,,,
51755,CDK12,cyclin dependent kinase 12,False,ENST00000447079,NM_016507.2,CRK7,True,CRKR,CRKRS,,,,,,,,,,,,,,,,,,
558,AXL,AXL receptor tyrosine kinase,True,ENST00000301178,NM_021913.4,ARK,False,JTK11,Tyro7,UFO,,,,,,,,,,,,,,,,,
4654,MYOD1,myogenic differentiation 1,False,ENST00000250003,NM_002478.4,MYOD,False,bHLHc1,PUM,MYF3,,,,,,,,,,,,,,,,,
3631,INPP4A,inositol polyphosphate-4-phosphatase type I A,False,ENST00000074304,NM_001134224.1,INPP4,False,TVAS1,,,,,,,,,,,,,,,,,,,
3636,INPPL1,inositol polyphosphate phosphatase like 1,False,ENST00000298229,NM_001567.3,SHIP2,False,OPSMD,,,,,,,,,,,,,,,,,,,
567,B2M,beta-2-microglobulin,False,ENST00000558401,NM_004048.2,IMD43,True,,,,,,,,,,,,,,,,,,,,
6714,SRC,"SRC proto-oncogene, non-receptor tyrosine kinase",True,ENST00000358208,NM_198291.2,THC6,False,c-SRC,ASV,p60-Src,SRC1,,,,,,,,,,,,,,,,
3643,INSR,insulin receptor,False,ENST00000302850,NM_000208.2,CD220,False,HHF5,,,,,,,,,,,,,,,,,,,
8764,TNFRSF14,tumor necrosis factor receptor superfamily member 14,False,ENST00000355716,NM_003820.2,HVEM,False,CD270,TR2,HVEA,ATAR,LIGHTR,,,,,,,,,,,,,,,
2623,GATA1,GATA binding protein 1,False,ENST00000376670,NM_002049.3,NFE1,False,GF-1,GF1,XLANP,ERYF1,XLTDA,GATA-1,NF-E1,XLTT,,,,,,,,,,,,
2624,GATA2,GATA binding protein 2,False,ENST00000341105,NM_032638.4,DCML,False,MONOMAC,NFE1B,IMD21,,,,,,,,,,,,,,,,,
2625,GATA3,GATA binding protein 3,False,ENST00000346208,NM_002051.2,HDR,False,HDRS,,,,,,,,,,,,,,,,,,,
580,BARD1,BRCA1 associated RING domain 1,False,ENST00000260947,NM_000465.2,,True,,,,,,,,,,,,,,,,,,,,
54855,FAM46C,family with sequence similarity 46 member C,False,ENST00000369448,NM_017709.3,,False,,,,,,,,,,,,,,,,,,,,
4683,NBN,nibrin,False,ENST00000265433,NM_002485.4,ATV,False,NBS1,AT-V2,P95,NBS,AT-V1,,,,,,,,,,,,,,,
3662,IRF4,interferon regulatory factor 4,False,ENST00000380956,NM_002460.3,NF-EM5,False,LSIRF,SHEP8,,,,,,,,,,,,,,,,,,
1616,DAXX,death-domain associated protein,False,ENST00000374542,NM_001141970.1,BING2,True,DAP6,EAP1,,,,,,,,,,,,,,,,,,
595,CCND1,cyclin D1,True,ENST00000227507,NM_053056.2,PRAD1,False,D11S287E,BCL1,U21B31,,,,,,,,,,,,,,,,,
3667,IRS1,insulin receptor substrate 1,False,ENST00000305123,NM_005544.2,HIRS-1,False,,,,,,,,,,,,,,,,,,,,
83540,NUF2,"NUF2, NDC80 kinetochore complex component",False,ENST00000271452,NM_031423.3,CT106,False,CDCA1,NUF2R,,,,,,,,,,,,,,,,,,
596,BCL2,"BCL2, apoptosis regulator",True,ENST00000333681,NM_000633.2,Bcl-2,False,PPP1R50,,,,,,,,,,,,,,,,,,,
598,BCL2L1,BCL2 like 1,False,ENST00000307677,NM_138578.1,BCLX,False,BCL2L,Bcl-X,BCL-XL/S,PPP1R52,,,,,,,,,,,,,,,,
9817,KEAP1,kelch like ECH associated protein 1,False,ENST00000171111,NM_203500.1,INrf2,True,KLHL19,,,,,,,,,,,,,,,,,,,
604,BCL6,B-cell CLL/lymphoma 6,True,ENST00000232014,NM_001706.4,ZBTB27,False,ZNF51,BCL6A,LAZ3,,,,,,,,,,,,,,,,,
440926,H3F3AP4,"H3 histone, family 3A, pseudogene 4",False,,,p13,False,,,,,,,,,,,,,,,,,,,,
5727,PTCH1,patched 1,False,ENST00000331920,NM_000264.3,NBCCS,True,PTC1,BCNS,HPE7,PTCH11,PTCH,PTC,,,,,,,,,,,,,,
5728,PTEN,phosphatase and tensin homolog,False,ENST00000371953,NM_000314.4,DEC,True,MHAM,10q23del,BZS,PTEN1,GLM2,CWS1,MMAC1,,,,,,,,,,,,,
54880,BCOR,BCL6 corepressor,False,ENST00000378444,NM_001123385.1,MAA2,True,ANOP2,MCOPS2,,,,,,,,,,,,,,,,,,
27244,SESN1,sestrin 1,False,ENST00000436639,NM_014454.2,PA26,False,SEST1,,,,,,,,,,,,,,,,,,,
64109,CRLF2,cytokine receptor-like factor 2,False,ENST00000381566,NM_022148.2,TSLPR,False,CRL2,CRLF2Y,,,,,,,,,,,,,,,,,,
54894,RNF43,ring finger protein 43,False,ENST00000407977,NM_017763.4,RNF124,True,URCC,,,,,,,,,,,,,,,,,,,
23152,CIC,capicua transcriptional repressor,False,ENST00000575354,NM_015125.3,,True,,,,,,,,,,,,,,,,,,,,
8821,INPP4B,inositol polyphosphate-4-phosphatase type II B,False,ENST00000262992,NM_001101669.1,,True,,,,,,,,,,,,,,,,,,,,
6774,STAT3,signal transducer and activator of transcription 3,True,ENST00000264657,NM_139276.2,ADMIO,False,APRF,HIES,,,,,,,,,,,,,,,,,,
6776,STAT5A,signal transducer and activator of transcription 5A,False,ENST00000345506,NM_003152.3,STAT5,False,MGF,,,,,,,,,,,,,,,,,,,
54904,WHSC1L1,Wolf-Hirschhorn syndrome candidate 1-like 1,False,ENST00000317025,NM_023034.1,WHISTLE,False,pp14328,,,,,,,,,,,,,,,,,,,
6777,STAT5B,signal transducer and activator of transcription 5B,False,ENST00000293328,NM_012448.3,STAT5,False,,,,,,,,,,,,,,,,,,,,
64121,RRAGC,Ras related GTP binding C,False,ENST00000373001,NM_022157.3,TIB929,False,GTR2,RAGC,,,,,,,,,,,,,,,,,,
7803,PTP4A1,"protein tyrosine phosphatase type IVA, member 1",False,ENST00000370651,NM_003463.4,PRL1,False,PRL-1,HH72,PTPCAAX1,PTP(CAAX1),,,,,,,,,,,,,,,,
124540,MSI2,musashi RNA binding protein 2,False,ENST00000284073,NM_138962.2,MSI2H,False,,,,,,,,,,,,,,,,,,,,
639,PRDM1,PR domain 1,False,ENST00000369096,NM_001198.3,PRDI-BF1,False,BLIMP1,,,,,,,,,,,,,,,,,,,
641,BLM,Bloom syndrome RecQ like helicase,False,ENST00000355112,NM_000057.2,BS,True,RECQL3,RECQ2,RECQL2,,,,,,,,,,,,,,,,,
3716,JAK1,Janus kinase 1,False,ENST00000342505,NM_002227.2,JTK3,False,JAK1B,JAK1A,,,,,,,,,,,,,,,,,,
7812,CSDE1,cold shock domain containing E1,False,ENST00000438362,NM_001242891.1,D1S155E,False,UNR,,,,,,,,,,,,,,,,,,,
3717,JAK2,Janus kinase 2,True,ENST00000381652,NM_004972.3,THCYT3,False,JTK10,,,,,,,,,,,,,,,,,,,
3718,JAK3,Janus kinase 3,False,ENST00000458235,NM_000215.3,JAK3_HUMAN,False,L-JAK,JAKL,JAK-3,LJAK,,,,,,,,,,,,,,,,
6790,AURKA,aurora kinase A,True,ENST00000312783,NM_003600.2,PPP1R47,False,AIK,BTAK,STK15,ARK1,STK6,STK7,AURA,,,,,,,,,,,,,
256646,NUTM1,NUT midline carcinoma family member 1,False,ENST00000333756,XM_011521429.1,FAM22H,False,NUT,C15orf55,,,,,,,,,,,,,,,,,,
6794,STK11,serine/threonine kinase 11,False,ENST00000326873,NM_000455.4,PJS,True,hLKB1,LKB1,,,,,,,,,,,,,,,,,,
10892,MALT1,MALT1 paracaspase,False,ENST00000348428,NM_006785.3,MLT,False,PCASP1,MLT1,IMD12,,,,,,,,,,,,,,,,,
3725,JUN,"Jun proto-oncogene, AP-1 transcription factor subunit",True,ENST00000371222,NM_002228.3,c-Jun,False,AP1,AP-1,,,,,,,,,,,,,,,,,,
657,BMPR1A,bone morphogenetic protein receptor type 1A,False,ENST00000372037,NM_004329.2,CD292,False,10q23del,ACVRLK3,ALK3,SKR5,,,,,,,,,,,,,,,,
5781,PTPN11,"protein tyrosine phosphatase, non-receptor type 11",True,ENST00000351677,NM_002834.3,JMML,False,CFC,SHP2,PTP2C,PTP-1D,NS1,BPTP3,METCDS,SH-PTP3,SH-PTP2,,,,,,,,,,,
4763,NF1,neurofibromin 1,False,ENST00000358273,NM_001042492.2,WSS,True,NFNS,VRNF,,,,,,,,,,,,,,,,,,
8859,STK19,serine/threonine kinase 19,False,ENST00000375331,NM_004197.1,D6S60,False,D6S60E,G11,HLA-RP1,,,,,,,,,,,,,,,,,
668,FOXL2,forkhead box L2,False,ENST00000330315,NM_023067.3,BPES1,False,BPES,PINTO,POF3,PFRK,,,,,,,,,,,,,,,,
5789,PTPRD,"protein tyrosine phosphatase, receptor type D",False,ENST00000356435,NM_002839.3,HPTP,False,RPTPDELTA,HPTPD,PTPD,HPTPDELTA,,,,,,,,,,,,,,,,
672,BRCA1,"BRCA1, DNA repair associated",False,ENST00000357654,NM_007294.3,RNF53,True,IRIS,BRCAI,PNCA4,PSCP,BROVCA1,BRCC1,FANCS,PPP1R53,,,,,,,,,,,,
673,BRAF,"B-Raf proto-oncogene, serine/threonine kinase",True,ENST00000288602,NM_004333.4,NS7,False,B-raf,BRAF1,RAFB1,B-RAF1,,,,,,,,,,,,,,,,
675,BRCA2,"BRCA2, DNA repair associated",False,ENST00000380152,NM_000059.3,FANCD1,True,BROVCA2,XRCC11,FAD,FAD1,BRCC2,GLM3,FACD,FANCD,PNCA2,,,,,,,,,,,
4771,NF2,neurofibromin 2 (merlin),False,ENST00000338641,NM_000268.3,BANF,True,SCH,ACN,,,,,,,,,,,,,,,,,,
54949,SDHAF2,succinate dehydrogenase complex assembly factor 2,False,ENST00000301761,NM_017841.2,PGL2,False,SDH5,C11orf79,,,,,,,,,,,,,,,,,,
7849,PAX8,paired box 8,True,ENST00000263334,NM_003466.3,,False,,,,,,,,,,,,,,,,,,,,
5802,PTPRS,"protein tyrosine phosphatase, receptor type S",False,ENST00000357368,NM_002850.3,R-PTP-S,False,PTPSIGMA,R-PTP-sigma,,,,,,,,,,,,,,,,,,
4780,NFE2L2,"nuclear factor, erythroid 2 like 2",True,ENST00000397062,NM_006164.4,NRF2,False,,,,,,,,,,,,,,,,,,,,
7852,CXCR4,C-X-C motif chemokine receptor 4,False,ENST00000241393,NM_003467.2,NPYRL,False,CD184,NPY3R,HM89,NPYY3R,LAP-3,HSY3RR,D2S201E,LCR1,WHIMS,LESTR,FB22,WHIM,NPYR,,,,,,,
2735,GLI1,GLI family zinc finger 1,True,ENST00000228682,NM_005269.2,GLI,False,,,,,,,,,,,,,,,,,,,,
8880,FUBP1,far upstream element binding protein 1,False,ENST00000370768,NM_003902.3,FBP,True,hDH V,FUBP,,,,,,,,,,,,,,,,,,
695,BTK,Bruton tyrosine kinase,True,ENST00000308731,NM_000061.2,AT,False,IMD1,AGMX1,ATK,BPK,XLA,PSCTK1,,,,,,,,,,,,,,
4792,NFKBIA,NFKB inhibitor alpha,True,ENST00000216797,NM_020529.2,IKBA,False,NFKBI,MAD-3,,,,,,,,,,,,,,,,,,
6850,SYK,spleen associated tyrosine kinase,False,ENST00000375746,NM_003177.5,p72-Syk,False,,,,,,,,,,,,,,,,,,,,
10957,PNRC1,proline rich nuclear receptor coactivator 1,False,ENST00000336032,NM_006813.2,PNAS-145,False,PRR2,B4-2,PROL2,,,,,,,,,,,,,,,,,
2767,GNA11,G protein subunit alpha 11,True,ENST00000078429,NM_002067.2,GNA-11,False,FBH2,HYPOC2,FHH2,FBH,HHC2,,,,,,,,,,,,,,,
3791,KDR,kinase insert domain receptor,True,ENST00000263923,NM_002253.2,VEGFR2,False,CD309,VEGFR,FLK1,,,,,,,,,,,,,,,,,
8915,BCL10,B-cell CLL/lymphoma 10,False,ENST00000370580,NM_003921.4,c-E10,True,CIPER,mE10,CLAP,IMD37,CARMEN,,,,,,,,,,,,,,,
83667,SESN2,sestrin 2,False,ENST00000253063,NM_031459.4,SES2,False,HI95,SEST2,,,,,,,,,,,,,,,,,,
2776,GNAQ,G protein subunit alpha q,True,ENST00000286548,NM_002072.3,G-ALPHA-q,False,GAQ,SWS,,,,,,,,,,,,,,,,,,
4824,NKX3-1,NK3 homeobox 1,False,ENST00000380871,NM_006167.3,NKX3A,False,NKX3.1,BAPX2,NKX3,,,,,,,,,,,,,,,,,
2778,GNAS,GNAS complex locus,True,ENST00000371085,NM_000516.4,NESP,False,SgVI,C20orf45,GNAS1,GSA,GSP,GPSA,AHO,POH,SCG6,,,,,,,,,,,
79577,CDC73,cell division cycle 73,False,ENST00000367435,NM_024529.4,HYX,False,HRPT2,HPTJT,C1orf28,FIHP,HRPT1,,,,,,,,,,,,,,,
8929,PHOX2B,paired like homeobox 2b,False,ENST00000226382,NM_003924.3,PMX2B,False,NBLST2,NBPhox,,,,,,,,,,,,,,,,,,
23269,MGA,"MGA, MAX dimerization protein",False,ENST00000219905,NM_001164273.1,MAD5,True,MXD5,,,,,,,,,,,,,,,,,,,
3815,KIT,KIT proto-oncogene receptor tyrosine kinase,True,ENST00000288135,NM_000222.2,PBT,False,C-Kit,CD117,SCFR,,,,,,,,,,,,,,,,,
6890,TAP1,"transporter 1, ATP binding cassette subfamily B member",False,ENST00000354258,NM_000593.5,ABCB2,False,TAP1*0102N,RING4,APT1,D6S114E,PSF-1,ABC17,TAP1N,,,,,,,,,,,,,
6891,TAP2,"transporter 2, ATP binding cassette subfamily B member",False,ENST00000374899,NM_018833.2,ABCB3,False,APT2,PSF-2,RING11,D6S217E,ABC18,,,,,,,,,,,,,,,
9965,FGF19,fibroblast growth factor 19,True,ENST00000294312,NM_005117.2,,False,,,,,,,,,,,,,,,,,,,,
9968,MED12,mediator complex subunit 12,True,ENST00000374080,NM_005120.2,ARC240,False,TNRC11,TRAP230,OKS,MED12S,HOPA,CAGH45,FGS1,OHDOX,,,,,,,,,,,,
4851,NOTCH1,notch 1,True,ENST00000277541,NM_017617.3,TAN1,True,hN1,AOVD1,AOS5,,,,,,,,,,,,,,,,,
4853,NOTCH2,notch 2,True,ENST00000256646,NM_024408.3,HJCYS,True,AGS2,hN2,,,,,,,,,,,,,,,,,,
4854,NOTCH3,notch 3,False,ENST00000263388,NM_000435.2,CADASIL,False,IMF2,LMNS,CASIL,CADASIL1,,,,,,,,,,,,,,,,
4855,NOTCH4,notch 4,False,ENST00000375023,NM_004557.3,INT3,False,,,,,,,,,,,,,,,,,,,,
5879,RAC1,"ras-related C3 botulinum toxin substrate 1 (rho family, small GTP binding protein Rac1)",True,ENST00000356142,NM_018890.3,p21-Rac1,False,Rac-1,MIG5,TC-25,,,,,,,,,,,,,,,,,
5880,RAC2,"ras-related C3 botulinum toxin substrate 2 (rho family, small GTP binding protein Rac2)",False,ENST00000249071,NM_002872.4,Gx,False,EN-7,p21-Rac2,HSPC022,,,,,,,,,,,,,,,,,
1786,DNMT1,DNA (cytosine-5-)-methyltransferase 1,False,ENST00000340748,NM_001379.2,CXXC9,False,DNMT,ADCADN,AIM,MCMT,HSN1E,m.HsaI,,,,,,,,,,,,,,
1788,DNMT3A,DNA methyltransferase 3 alpha,False,ENST00000264709,NM_022552.4,DNMT3A2,True,TBRS,M.HsaIIIA,,,,,,,,,,,,,,,,,,
1789,DNMT3B,DNA methyltransferase 3 beta,False,ENST00000328111,NM_006892.3,ICF1,False,M.HsaIIIB,ICF,,,,,,,,,,,,,,,,,,
5885,RAD21,RAD21 cohesin complex component,False,ENST00000297338,NM_006265.2,HRAD21,True,MCD1,HR21,SCC1,hHR21,CDLS4,NXP1,,,,,,,,,,,,,,
5888,RAD51,RAD51 recombinase,True,ENST00000267868,NM_002875.4,RAD51A,False,HRAD51,MRMV2,RECA,HsRad51,FANCR,HsT16930,BRCC5,,,,,,,,,,,,,
5889,RAD51C,RAD51 paralog C,False,ENST00000337432,NM_058216.2,BROVCA3,True,R51H3,FANCO,RAD51L2,,,,,,,,,,,,,,,,,
5890,RAD51B,RAD51 paralog B,False,ENST00000487270,NM_133509.3,R51H2,False,REC2,RAD51L1,,,,,,,,,,,,,,,,,,
5892,RAD51D,RAD51 paralog D,False,ENST00000335858,NM_133629.2,BROVCA4,True,R51H3,TRAD,RAD51L3,,,,,,,,,,,,,,,,,
3845,KRAS,"KRAS proto-oncogene, GTPase",True,ENST00000256078,NM_033360.2,KI-RAS,False,RALD,NS,RASK2,CFC2,K-RAS2B,K-RAS2A,K-RAS4B,NS3,K-RAS4A,C-K-RAS,KRAS2,KRAS1,,,,,,,,
4869,NPM1,"nucleophosmin (nucleolar phosphoprotein B23, numatrin)",False,ENST00000296930,NM_002520.6,B23,True,NPM,,,,,,,,,,,,,,,,,,,
5893,RAD52,"RAD52 homolog, DNA repair protein",False,ENST00000358495,NM_134424.2,,False,,,,,,,,,,,,,,,,,,,,
5894,RAF1,"Raf-1 proto-oncogene, serine/threonine kinase",True,ENST00000251849,NM_002880.3,NS5,False,c-Raf,CMD1NN,Raf-1,CRAF,,,,,,,,,,,,,,,,
8968,HIST1H3F,"histone cluster 1, H3f",False,ENST00000446824,NM_021018.2,H3/i,False,H3FI,,,,,,,,,,,,,,,,,,,
6921,TCEB1,transcription elongation factor B subunit 1,False,ENST00000284811,NM_005648.3,SIII,False,eloC,,,,,,,,,,,,,,,,,,,
23308,ICOSLG,inducible T-cell costimulator ligand,False,ENST00000407780,NM_015259.4,CD275,False,B7H2,GL50,B7RP1,B7-H2,B7RP-1,ICOS-L,ICOSL,LICOS,,,,,,,,,,,,
11021,RAB35,"RAB35, member RAS oncogene family",False,ENST00000229340,NM_006861.6,H-ray,False,RAY,,,,,,,,,,,,,,,,,,,
6926,TBX3,T-box 3,False,ENST00000257566,NM_016569.3,UMS,False,TBX3-ISO,XHL,,,,,,,,,,,,,,,,,,
6927,HNF1A,HNF1 homeobox A,False,ENST00000257555,NM_000545.5,HNF1,True,IDDM20,TCF-1,HNF-1A,LFB1,TCF1,MODY3,,,,,,,,,,,,,,
10000,AKT3,AKT serine/threonine kinase 3,True,ENST00000263826,NM_005465.4,RAC-gamma,False,PRKBG,RAC-PK-gamma,MPPH2,PKBG,PKB-GAMMA,STK-2,MPPH,,,,,,,,,,,,,
6929,TCF3,transcription factor 3,False,ENST00000344749,NM_001136139.2,TCF-3,False,ITF1,E2A,E47,AGM8,VDIR,bHLHb21,,,,,,,,,,,,,,
57105,CYSLTR2,cysteinyl leukotriene receptor 2,False,ENST00000282018,NM_020377.2,HG57,False,CYSLT2R,HPN321,GPCR21,KPG_011,hGPCR21,CYSLT2,PSEC0146,,,,,,,,,,,,,
6934,TCF7L2,transcription factor 7 like 2,False,ENST00000543371,NM_001146274.1,TCF-4,True,,,,,,,,,,,,,,,,,,,,
5914,RARA,retinoic acid receptor alpha,False,ENST00000254066,NM_000964.3,RAR,False,NR1B1,,,,,,,,,,,,,,,,,,,
8986,RPS6KA4,ribosomal protein S6 kinase A4,False,ENST00000334205,NM_003942.2,RSK-B,False,S6K-alpha-4,,,,,,,,,,,,,,,,,,,
440093,H3F3C,"H3 histone, family 3C",False,ENST00000340398,NM_001013699.2,H3.5,False,,,,,,,,,,,,,,,,,,,,
4893,NRAS,neuroblastoma RAS viral oncogene homolog,True,ENST00000369535,NM_002524.4,CMNS,False,NS6,ALPS4,N-ras,NRAS1,NCMS,,,,,,,,,,,,,,,
5921,RASA1,RAS p21 protein activator 1,False,ENST00000274376,NM_002890.2,CM-AVM,True,PKWS,GAP,p120GAP,p120RASGAP,CMAVM,RASGAP,RASA,p120,,,,,,,,,,,,
10018,BCL2L11,BCL2 like 11,False,ENST00000393256,NM_138621.4,BOD,True,BIM,BAM,,,,,,,,,,,,,,,,,,
10019,SH2B3,SH2B adaptor protein 3,False,ENST00000341259,NM_005475.2,IDDM20,False,LNK,,,,,,,,,,,,,,,,,,,
5925,RB1,RB transcriptional corepressor 1,False,ENST00000267163,NM_000321.2,OSRC,True,RB,PPP1R130,pRb,p105-Rb,pp110,,,,,,,,,,,,,,,
5927,KDM5A,lysine demethylase 5A,False,ENST00000399788,NM_001042603.1,RBBP2,False,RBBP-2,,,,,,,,,,,,,,,,,,,
811,CALR,calreticulin,False,ENST00000316448,NM_004343.3,SSA,False,cC1qR,CRT,HEL-S-99n,RO,,,,,,,,,,,,,,,,
4913,NTHL1,nth-like DNA glycosylase 1,False,ENST00000219066,NM_002528.5,OCTS3,False,hNTH1,NTH1,FAP3,,,,,,,,,,,,,,,,,
4914,NTRK1,neurotrophic receptor tyrosine kinase 1,True,ENST00000524377,NM_002529.3,TRK1,False,TRKA,Trk-A,TRK,p140-TrkA,MTC,,,,,,,,,,,,,,,
387893,KMT5A,lysine methyltransferase 5A,False,ENST00000330479,NM_020382.3,SET8,False,PR-Set7,SETD8,SET07,,,,,,,,,,,,,,,,,
4915,NTRK2,neurotrophic receptor tyrosine kinase 2,True,ENST00000277120,NM_006180.3,TRKB,False,GP145-TrkB,trk-B,,,,,,,,,,,,,,,,,,
4916,NTRK3,neurotrophic receptor tyrosine kinase 3,True,ENST00000360948,NM_001012338.2,TRKC,False,GP145-TrkC,gp145(trkC),,,,,,,,,,,,,,,,,,
1846,DUSP4,dual specificity phosphatase 4,False,ENST00000240100,NM_001394.6,MKP2,False,MKP-2,HVH2,TYP,,,,,,,,,,,,,,,,,
57144,PAK5,p21 (RAC1) activated kinase 5,False,ENST00000353224,NM_177990.2,PAK7,False,,,,,,,,,,,,,,,,,,,,
4921,DDR2,discoidin domain receptor tyrosine kinase 2,True,ENST00000367921,NM_006182.2,NTRKR3,False,MIG20a,TYRO10,,,,,,,,,,,,,,,,,,
2874,GPS2,G protein pathway suppressor 2,False,ENST00000380728,NM_004489.4,AMF-1,False,,,,,,,,,,,,,,,,,,,,
9020,MAP3K14,mitogen-activated protein kinase kinase kinase 14,False,ENST00000344686,NM_003954.3,NIK,False,HSNIK,HS,FTDCR1B,,,,,,,,,,,,,,,,,
79679,VTCN1,V-set domain containing T cell activation inhibitor 1,False,ENST00000369458,NM_024626.3,VCTN1,False,B7X,B7h.5,PRO1291,B7S1,B7-H4,B7H4,,,,,,,,,,,,,,
64321,SOX17,SRY-box 17,False,ENST00000297316,NM_022454.3,VUR3,True,,,,,,,,,,,,,,,,,,,,
64324,NSD1,nuclear receptor binding SET domain protein 1,False,ENST00000439151,NM_022455.4,KMT3B,False,SOTOS1,SOTOS,ARA267,STO,,,,,,,,,,,,,,,,
64326,RFWD2,ring finger and WD repeat domain 2,False,ENST00000367669,NM_022457.5,RNF200,False,COP1,,,,,,,,,,,,,,,,,,,
841,CASP8,caspase 8,False,ENST00000358485,NM_001080125.1,ALPS2B,True,Casp-8,MCH5,MACH,FLICE,CAP4,,,,,,,,,,,,,,,
5965,RECQL,RecQ like helicase,False,ENST00000421138,NM_032941.2,RecQ1,False,RECQL1,,,,,,,,,,,,,,,,,,,
5966,REL,"REL proto-oncogene, NF-kB subunit",False,ENST00000295025,NM_002908.2,C-Rel,False,,,,,,,,,,,,,,,,,,,,
1871,E2F3,E2F transcription factor 3,True,ENST00000346618,NM_001949.4,E2F-3,False,,,,,,,,,,,,,,,,,,,,
2903,GRIN2A,glutamate ionotropic receptor NMDA type subunit 2A,False,ENST00000330684,NM_001134407.1,FESD,False,EPND,LKS,NR2A,GluN2A,NMDAR2A,,,,,,,,,,,,,,,
5976,UPF1,"UPF1, RNA helicase and ATPase",False,ENST00000262803,NM_002911.3,HUPF1,False,pNORF1,smg-2,NORF1,RENT1,,,,,,,,,,,,,,,,
5979,RET,ret proto-oncogene,True,ENST00000355710,NM_020975.4,MTC1,False,CDHF12,CDHR16,MEN2A,RET51,HSCR1,MEN2B,PTC,RET-ELE1,,,,,,,,,,,,
861,RUNX1,runt related transcription factor 1,False,ENST00000300305,NM_001754.4,AML1-EVI-1,True,CBF2alpha,CBFA2,EVI-1,PEBP2aB,AMLCR1,PEBP2alpha,AML1,,,,,,,,,,,,,
