,cancer,gene,variant,points
0,NSCLC,ALK,EML4-ALK Fusion,1
1,NSCLC,BRAF,p.V600E,3
2,NSCLC,MET,Exon14skipping,1
3,NSCLC,MET,Amplification,1
4,NSCLC,ROS1,Fusion,1
5,Melanoma,BRAF,p.V600E,1
6,Melanoma,KIT,p.K642E,1
7,Melanoma,BRAF,p.V600K,3
8,Colorectal,KRAS,p.G12S,1
9,Colorectal,KRAS,p.G12R,1
10,Colorectal,PIK3CA,p.Q546R,1
11,Colorectal,KRAS,p.G12D,3
12,Colorectal,KRAS,p.G12C,1
13,Colorectal,KRAS,p.G12A,1
14,Colorectal,KRAS,p.A146V,1
15,Colorectal,KRAS,p.A146T,1
16,Colorectal,BRAF,p.V600E,3
17,Colorectal,BRAF,p.G469A,1
18,Colorectal,BRAF,p.G466V,1
19,Colorectal,AKT1,p.E17K,1
20,Colorectal,PIK3CA,p.Q546K,1
21,Colorectal,PIK3CA,p.H1047R,1
22,Colorectal,PIK3CA,p.H1047L,1
23,Colorectal,PIK3CA,p.E545K,1
24,Colorectal,PIK3CA,p.E545G,1
25,Colorectal,NRAS,p.Q61R,1
26,Colorectal,NRAS,p.G12A,1
27,Colorectal,KRAS,p.G12V,1
28,Colorectal,KRAS,p.G13D,1
29,Gastric,ERBB2,Amplification,1
30,Gastric,VEGFR2,Expression,1
31,GIST,PDGFRA,Mutations,1
32,GIST,KIT,Mutations,1
33,Breast,ERBB2,Amplification,1
34,Ovarian,BRCA1/2,Mutations,1
35,Dedifferentiated Liposarcoma,CDK4,Amplification,1
36,Thymic Tumor,KIT,Mutations,1
37,MTC,RET,p.A883F,1
38,MTC,RET,p.M918T,1
39,MTC,BRAF,p.V600E,1
40,Melanoma,BRAF,Amplification,1
41,Melanoma,BRAF,p.D594N,1
42,Melanoma,BRAF,p.K601E,1
43,Melanoma,BRAF,p.L597Q,1
44,Melanoma,BRAF,p.L597S,1
45,Melanoma,CCND1,Amplification,1
46,Melanoma,CDKN2A,Loss-of-function,1
47,Melanoma,KIT,Amplification,1
48,Melanoma,KRAS,Amplification,1
49,Melanoma,MAP2K1,p.C121S,1
50,Melanoma,MAP2K1,p.E203K,1
51,Melanoma,MAP2K1,p.P124Q,1
52,Melanoma,MAP2K1,p.P124S,1
53,Melanoma,MAP2K1,p.Q56P,1
54,Melanoma,MAP2K1,p.V60E,1
55,Melanoma,NF1,Loss-of-function,1
56,Melanoma,NRAS,p.G12A,1
57,Melanoma,NRAS,p.G12D,1
58,Melanoma,NRAS,p.G12R,1
59,Melanoma,NRAS,p.G12V,1
60,Melanoma,NRAS,p.G13R,1
61,Melanoma,NRAS,p.Q61H,1
62,Melanoma,NRAS,p.Q61K,1
63,Melanoma,NRAS,p.Q61R,1
64,Melanoma,PTEN,Loss,1
65,NSCLC,AKT1,Amplification,1
66,NSCLC,ALK,Amplification,1
67,NSCLC,ARAF,p.S214C,1
68,NSCLC,BRAF,Amplification,1
69,NSCLC,EGFR,Amplification,1
70,NSCLC,ERBB2,Amplification,1
71,NSCLC,ERBB2,p.V659E,1
72,NSCLC,HRAS,Amplification,1
73,NSCLC,KRAS,Amplification,1
74,NSCLC,MAP2K1,Amplification,1
75,NSCLC,NRAS,Amplification,1
76,NSCLC,PIK3CA,Amplification,1
77,NSCLC,PIK3CA,p.E81K,1
78,NSCLC,PIK3CA,p.E542K,1
79,NSCLC,PIK3CA,p.E545K,1
80,NSCLC,PIK3CA,p.E545Q,1
81,NSCLC,PIK3CA,p.E726K,1
82,NSCLC,PIK3CA,p.H1047L,1
83,NSCLC,PIK3R1,p.D560N,1
84,NSCLC,PIK3R1,Truncating mutations,1
85,NSCLC,PTEN,Loss-of-function,1
86,Glioma,BRAF,Mutations,1
87,Glioma,EGFR,Mutations,1
88,NSCLC,CCND1,Amplification,1
89,NSCLC,CDK4,Amplification,1
90,NSCLC,CDKN2A,Loss-of-function,1
91,NSCLC,EGFR,Exon19 deletion,1
92,NSCLC,EGFR,p.G719X,1
93,NSCLC,EGFR,p.L858R,1
94,NSCLC,EGFR,p.L861Q,1
95,NSCLC,EGFR,p.S768I,1
96,NSCLC,KRAS,Mutations,1
97,NSCLC,NF1,Loss-of-function,1
98,NSCLC,RB1,Loss-of-function,1
99,Colorectal,BRAF,Amplification,1
100,NSCLC,EGFR,p.T790M,3
101,NSCLC,AKT1,p.E17K,1
102,NSCLC,MAP2K1,p.K57N,1
103,NSCLC,MAP2K1,p.D67N,1
104,NSCLC,MAP2K1,p.Q56P,1
105,NSCLC,PIK3CA,p.H1047R,1
106,Glioma,IDH1,p.R132C,2
107,Colorectal,BRAF,p.D594G,0
108,Colorectal,BRAF,p.D594V,0
109,Colorectal,BRAF,p.G469E,0
110,Colorectal,BRAF,p.G469V,0
111,Colorectal,BRAF,p.G596R,0
112,Colorectal,KRAS,p.A146P,0
113,Colorectal,KRAS,p.G13A,0
114,Colorectal,KRAS,p.G13C,0
115,Colorectal,KRAS,p.G13R,0
116,Colorectal,KRAS,p.G13S,0
117,Colorectal,KRAS,p.G13V,0
118,Colorectal,KRAS,p.K117N,0
119,Colorectal,KRAS,p.Q22K,0
120,Colorectal,KRAS,p.Q61H,0
121,Colorectal,KRAS,p.Q61K,0
122,Colorectal,KRAS,p.Q61L,0
123,Colorectal,KRAS,p.Q61P,0
124,Colorectal,KRAS,p.Q61R,0
125,Colorectal,NRAS,p.G12C,0
126,Colorectal,NRAS,p.G12D,0
127,Colorectal,NRAS,p.G12S,0
128,Colorectal,NRAS,p.G12V,0
129,Colorectal,NRAS,p.Q61K,0
130,Colorectal,PIK3CA,p.D549N,0
131,Colorectal,PIK3CA,p.E542K,0
132,Colorectal,PIK3CA,p.E545Q,0
133,Colorectal,PIK3CA,p.E545V,0
134,Colorectal,PIK3CA,p.Q546E,0
135,Colorectal,PIK3CA,p.Q546L,0
136,Colorectal,PIK3CA,p.Q546P,0
137,Colorectal,PTEN,p.R159S,0
138,Colorectal,PTEN,p.R233*,0
139,Colorectal,SMAD4,p.D351H,0
140,Colorectal,SMAD4,p.D351N,0
141,Colorectal,SMAD4,p.D355E,0
142,Colorectal,SMAD4,p.D537Y,0
143,Colorectal,SMAD4,p.E330A,0
144,Colorectal,SMAD4,p.R361C,0
145,Colorectal,SMAD4,p.R361H,0
146,Colorectal,SMAD4,p.R361S,0
147,Glioma,IDH1,p.R132H,0
148,Melanoma,BRAF,p.D594E,0
149,Melanoma,BRAF,p.D594G,0
150,Melanoma,BRAF,p.D594H,0
151,Melanoma,BRAF,p.D594V,0
152,Melanoma,BRAF,p.L597R,0
153,Melanoma,BRAF,p.L597V,0
154,Melanoma,BRAF,p.V600D,0
155,Melanoma,BRAF,p.V600G,0
156,Melanoma,BRAF,p.V600M,0
157,Melanoma,BRAF,p.V600R,0
158,Melanoma,CTNNB1,p.S37F,0
159,Melanoma,CTNNB1,p.S37Y,0
160,Melanoma,CTNNB1,p.S45F,0
161,Melanoma,CTNNB1,p.S45P,0
162,Melanoma,CTNNB1,p.S45Y,0
163,Melanoma,GNA12,p.R183C,0
164,Melanoma,GNA13,p.Q209L,0
165,Melanoma,GNA14,p.Q209P,0
166,Melanoma,GNAQ,p.Q209L,0
167,Melanoma,GNAQ,p.Q209P,0
168,Melanoma,GNAQ,p.Q209R,0
169,Melanoma,GNAQ,p.R183Q,0
170,Melanoma,KIT,p.D816H,0
171,Melanoma,KIT,p.L576P,0
172,Melanoma,KIT,p.V559A,0
173,Melanoma,KIT,p.V559D,0
174,Melanoma,KIT,p.W557R,0
175,Melanoma,MAP2K1,p.F53L,0
176,Melanoma,MAP2K1,p.I111S,0
177,Melanoma,MAP2K1,p.N382H,0
178,Melanoma,MAP2K1,p.P124L,0
179,Melanoma,MAP2K1,p.P264S,0
180,Melanoma,NRAS,p.G12C,0
181,Melanoma,NRAS,p.G12S,0
182,Melanoma,NRAS,p.G13A,0
183,Melanoma,NRAS,p.G13C,0
184,Melanoma,NRAS,p.G13D,0
185,Melanoma,NRAS,p.G13V,0
186,Melanoma,NRAS,p.Q61E,0
187,Melanoma,NRAS,p.Q61L,0
188,Melanoma,NRAS,p.Q61P,0
189,Myeloid neoplasm,ASXL1,p.G643fs,0
190,Myeloid neoplasm,ASXL1,p.G645Vfs*58,0
191,Myeloid neoplasm,ASXL1,p.R143*,0
192,Myeloid neoplasm,ASXL1,p.R693*,0
193,Myeloid neoplasm,BCOR,p.A172fs,0
194,Myeloid neoplasm,BCOR,p.S214*,0
195,Myeloid neoplasm,BRAF,p.A598T,0
196,Myeloid neoplasm,BRAF,p.A598V,0
197,Myeloid neoplasm,BRAF,p.A598_T599insV,0
198,Myeloid neoplasm,BRAF,p.A728V,0
199,Myeloid neoplasm,BRAF,p.D594A,0
200,Myeloid neoplasm,BRAF,p.D594E,0
201,Myeloid neoplasm,BRAF,p.D594G,0
202,Myeloid neoplasm,BRAF,p.D594H,0
203,Myeloid neoplasm,BRAF,p.D594N,0
204,Myeloid neoplasm,BRAF,p.D594V,0
205,Myeloid neoplasm,BRAF,p.D594Y,0
206,Myeloid neoplasm,BRAF,p.E275K,0
207,Myeloid neoplasm,BRAF,p.E501G,0
208,Myeloid neoplasm,BRAF,p.E501K,0
209,Myeloid neoplasm,BRAF,p.E586K,0
210,Myeloid neoplasm,BRAF,p.F468C,0
211,Myeloid neoplasm,BRAF,p.F595L,0
212,Myeloid neoplasm,BRAF,p.G464E,0
213,Myeloid neoplasm,BRAF,p.G464R,0
214,Myeloid neoplasm,BRAF,p.G464V,0
215,Myeloid neoplasm,BRAF,p.G466A,0
216,Myeloid neoplasm,BRAF,p.G466E,0
217,Myeloid neoplasm,BRAF,p.G466R,0
218,Myeloid neoplasm,BRAF,p.G466V,0
219,Myeloid neoplasm,BRAF,p.G469A,0
220,Myeloid neoplasm,BRAF,p.G469del,0
221,Myeloid neoplasm,BRAF,p.G469E,0
222,Myeloid neoplasm,BRAF,p.G469L,0
223,Myeloid neoplasm,BRAF,p.G469R,0
224,Myeloid neoplasm,BRAF,p.G469S,0
225,Myeloid neoplasm,BRAF,p.G469V,0
226,Myeloid neoplasm,BRAF,p.G478C,0
227,Myeloid neoplasm,BRAF,p.G596fs*2,0
228,Myeloid neoplasm,BRAF,p.G596R,0
229,Myeloid neoplasm,BRAF,p.G596V,0
230,Myeloid neoplasm,BRAF,p.I463S,0
231,Myeloid neoplasm,BRAF,p.inact mut,0
232,Myeloid neoplasm,BRAF,p.K482M,0
233,Myeloid neoplasm,BRAF,p.K483M,0
234,Myeloid neoplasm,BRAF,p.K499E,0
235,Myeloid neoplasm,BRAF,p.K601E,0
236,Myeloid neoplasm,BRAF,p.K601I,0
237,Myeloid neoplasm,BRAF,p.K601N,0
238,Myeloid neoplasm,BRAF,p.K601Q,0
239,Myeloid neoplasm,BRAF,p.K601T,0
240,Myeloid neoplasm,BRAF,p.L485Y,0
241,Myeloid neoplasm,BRAF,p.L485_P490del,0
242,Myeloid neoplasm,BRAF,p.L485_P490delinsF,0
243,Myeloid neoplasm,BRAF,p.L485_P490delinsY,0
244,Myeloid neoplasm,BRAF,p.L485_Q494del,0
245,Myeloid neoplasm,BRAF,p.L505H,0
246,Myeloid neoplasm,BRAF,p.L597P,0
247,Myeloid neoplasm,BRAF,p.L597Q,0
248,Myeloid neoplasm,BRAF,p.L597R,0
249,Myeloid neoplasm,BRAF,p.L597S,0
250,Myeloid neoplasm,BRAF,p.L597V,0
251,Myeloid neoplasm,BRAF,p.N486_P490del,0
252,Myeloid neoplasm,BRAF,p.N581D,0
253,Myeloid neoplasm,BRAF,p.N581S,0
254,Myeloid neoplasm,BRAF,p.P403fs,0
255,Myeloid neoplasm,BRAF,p.P490_Q494del,0
256,Myeloid neoplasm,BRAF,p.Q257R,0
257,Myeloid neoplasm,BRAF,p.R347*,0
258,Myeloid neoplasm,BRAF,p.R462I,0
259,Myeloid neoplasm,BRAF,p.R506_K507insVLR,0
260,Myeloid neoplasm,BRAF,p.R509H,0
261,Myeloid neoplasm,BRAF,p.R603*,0
262,Myeloid neoplasm,BRAF,p.S467A,0
263,Myeloid neoplasm,BRAF,p.T241P,0
264,Myeloid neoplasm,BRAF,p.T488_P492del,0
265,Myeloid neoplasm,BRAF,p.T488_Q493delinsK,0
266,Myeloid neoplasm,BRAF,p.T529I,0
267,Myeloid neoplasm,BRAF,p.T529M,0
268,Myeloid neoplasm,BRAF,p.T529N,0
269,Myeloid neoplasm,BRAF,p.T599dup,0
270,Myeloid neoplasm,BRAF,p.T599I,0
271,Myeloid neoplasm,BRAF,p.T599R,0
272,Myeloid neoplasm,BRAF,p.T599_V600insDFGLAT,0
273,Myeloid neoplasm,BRAF,p.T599_V600insEAT,0
274,Myeloid neoplasm,BRAF,p.T599_V600insETT,0
275,Myeloid neoplasm,BRAF,p.T599_V600insT,0
276,Myeloid neoplasm,BRAF,p.T599_V600insTT,0
277,Myeloid neoplasm,BRAF,p.V471F,0
278,Myeloid neoplasm,BRAF,p.V487_P492delinsA,0
279,Myeloid neoplasm,BRAF,p.V600A,0
280,Myeloid neoplasm,BRAF,p.V600D,0
281,Myeloid neoplasm,BRAF,p.V600delinsYM,0
282,Myeloid neoplasm,BRAF,p.V600E,0
283,Myeloid neoplasm,BRAF,p.V600fs*11,0
284,Myeloid neoplasm,BRAF,p.V600G,0
285,Myeloid neoplasm,BRAF,p.V600K,0
286,Myeloid neoplasm,BRAF,p.V600L,0
287,Myeloid neoplasm,BRAF,p.V600M,0
288,Myeloid neoplasm,BRAF,p.V600Q,0
289,Myeloid neoplasm,BRAF,p.V600R,0
290,Myeloid neoplasm,BRAF,p.V600X,0
291,Myeloid neoplasm,BRAF,p.V600_K601delinsE,0
292,Myeloid neoplasm,BRAF,p.W450*,0
293,Myeloid neoplasm,BRAF,p.W531C,0
294,Myeloid neoplasm,BRAF,p.Y472C,0
295,Myeloid neoplasm,CALR,p.L367fs*46,0
296,Myeloid neoplasm,CBL,del,0
297,Myeloid neoplasm,CBL,p.C379A,0
298,Myeloid neoplasm,CBL,p.C381A,0
299,Myeloid neoplasm,CBL,p.C381R,0
300,Myeloid neoplasm,CBL,p.C384G,0
301,Myeloid neoplasm,CBL,p.C384R,0
302,Myeloid neoplasm,CBL,p.C396R,0
303,Myeloid neoplasm,CBL,p.E366_K382del,0
304,Myeloid neoplasm,CBL,p.G375P,0
305,Myeloid neoplasm,CBL,p.H398Q,0
306,Myeloid neoplasm,CBL,p.H398Y,0
307,Myeloid neoplasm,CBL,p.I383L,0
308,Myeloid neoplasm,CBL,p.K382E,0
309,Myeloid neoplasm,CBL,p.L399P,0
310,Myeloid neoplasm,CBL,p.L399V,0
311,Myeloid neoplasm,CBL,p.M374V,0
312,Myeloid neoplasm,CBL,p.P395A,0
313,Myeloid neoplasm,CBL,p.P417A,0
314,Myeloid neoplasm,CBL,p.P428L,0
315,Myeloid neoplasm,CBL,p.Q249E,0
316,Myeloid neoplasm,CBL,p.Q365_E366insSK,0
317,Myeloid neoplasm,CBL,p.Q367K,0
318,Myeloid neoplasm,CBL,p.Q367P,0
319,Myeloid neoplasm,CBL,p.R420*,0
320,Myeloid neoplasm,CBL,p.R420P,0
321,Myeloid neoplasm,CBL,p.R420Q,0
322,Myeloid neoplasm,CBL,p.S376F,0
323,Myeloid neoplasm,CBL,p.V391I,0
324,Myeloid neoplasm,CBL,p.V430M,0
325,Myeloid neoplasm,CBL,p.W802*,0
326,Myeloid neoplasm,CBL,p.Y368C,0
327,Myeloid neoplasm,CBL,p.Y371C,0
328,Myeloid neoplasm,CBL,p.Y371H,0
329,Myeloid neoplasm,CBL,p.Y371S,0
330,Myeloid neoplasm,CEBPA,p.A111Rfs*59,0
331,Myeloid neoplasm,CEBPA,p.A44Pfs*63,0
332,Myeloid neoplasm,CEBPA,p.E59*,0
333,Myeloid neoplasm,CEBPA,p.P23Rfs*137,0
334,Myeloid neoplasm,CEBPA,p.P46Lfs*114,0
335,Myeloid neoplasm,CEBPA,p.Q312*,0
336,Myeloid neoplasm,CEBPA,p.R142Sfs*27,0
337,Myeloid neoplasm,CEBPA,p.R142Tfs*27,0
338,Myeloid neoplasm,CEBPA,p.R286Pfs*35,0
339,Myeloid neoplasm,CEBPA,p.Y67*,0
340,Myeloid neoplasm,CSF1R,p.D802V,0
341,Myeloid neoplasm,CSF1R,p.G413S,0
342,Myeloid neoplasm,CSF1R,p.H362R,0
343,Myeloid neoplasm,CSF1R,p.L301S,0
344,Myeloid neoplasm,CSF1R,p.W575*,0
345,Myeloid neoplasm,CSF1R,p.Y571D,0
346,Myeloid neoplasm,CSF3R,act mut,0
347,Myeloid neoplasm,CSF3R,p.D771fs,0
348,Myeloid neoplasm,CSF3R,p.E331*,0
349,Myeloid neoplasm,CSF3R,p.H436Mfs*12,0
350,Myeloid neoplasm,CSF3R,p.inact mut,0
351,Myeloid neoplasm,CSF3R,p.Q110*,0
352,Myeloid neoplasm,CSF3R,p.Q741*,0
353,Myeloid neoplasm,CSF3R,p.Q75*,0
354,Myeloid neoplasm,CSF3R,p.S469Afs*22,0
355,Myeloid neoplasm,CSF3R,p.S469Qfs*5,0
356,Myeloid neoplasm,CSF3R,p.S783fs,0
357,Myeloid neoplasm,CSF3R,p.T615A,0
358,Myeloid neoplasm,CSF3R,p.T618I,0
359,Myeloid neoplasm,CSF3R,p.T640N,0
360,Myeloid neoplasm,CSF3R,p.W279*,0
361,Myeloid neoplasm,CSF3R,p.Y752*,0
362,Myeloid neoplasm,DNMT3A,p.D876G,0
363,Myeloid neoplasm,DNMT3A,p.E240*,0
364,Myeloid neoplasm,DNMT3A,p.E477*,0
365,Myeloid neoplasm,DNMT3A,p.E505*,0
366,Myeloid neoplasm,DNMT3A,p.F731fs,0
367,Myeloid neoplasm,DNMT3A,p.F751fs,0
368,Myeloid neoplasm,DNMT3A,p.G590fs,0
369,Myeloid neoplasm,DNMT3A,p.H873A,0
370,Myeloid neoplasm,DNMT3A,p.H873R,0
371,Myeloid neoplasm,DNMT3A,p.inact mut,0
372,Myeloid neoplasm,DNMT3A,p.L723fs,0
373,Myeloid neoplasm,DNMT3A,p.N879A,0
374,Myeloid neoplasm,DNMT3A,p.Q304A,0
375,Myeloid neoplasm,DNMT3A,p.Q515*,0
376,Myeloid neoplasm,DNMT3A,p.Q606*,0
377,Myeloid neoplasm,DNMT3A,p.Q615*,0
378,Myeloid neoplasm,DNMT3A,p.R580A,0
379,Myeloid neoplasm,DNMT3A,p.R598*,0
380,Myeloid neoplasm,DNMT3A,p.R729W,0
381,Myeloid neoplasm,DNMT3A,p.R736H,0
382,Myeloid neoplasm,DNMT3A,p.R771L,0
383,Myeloid neoplasm,DNMT3A,p.R882C,0
384,Myeloid neoplasm,DNMT3A,p.R882H,0
385,Myeloid neoplasm,DNMT3A,p.R885A,0
386,Myeloid neoplasm,DNMT3A,p.W860A,0
387,Myeloid neoplasm,DNMT3A,p.Y436*,0
388,Myeloid neoplasm,DNMT3A,p.Y793*,0
389,Myeloid neoplasm,ETV6,p.L341fs,0
390,Myeloid neoplasm,ETV6,p.P214L,0
391,Myeloid neoplasm,ETV6,p.R399C,0
392,Myeloid neoplasm,ETV6,p.S203fs,0
393,Myeloid neoplasm,EZH2,p.A677G,0
394,Myeloid neoplasm,EZH2,p.A682G,0
395,Myeloid neoplasm,EZH2,p.A687V,0
396,Myeloid neoplasm,EZH2,p.A692V,0
397,Myeloid neoplasm,EZH2,p.C534fs,0
398,Myeloid neoplasm,EZH2,p.C571Y,0
399,Myeloid neoplasm,EZH2,p.C576W,0
400,Myeloid neoplasm,EZH2,p.E162*,0
401,Myeloid neoplasm,EZH2,p.E246*,0
402,Myeloid neoplasm,EZH2,p.E396*,0
403,Myeloid neoplasm,EZH2,p.E59*,0
404,Myeloid neoplasm,EZH2,p.H530N,0
405,Myeloid neoplasm,EZH2,p.H689A,0
406,Myeloid neoplasm,EZH2,p.I109K,0
407,Myeloid neoplasm,EZH2,p.K639E,0
408,Myeloid neoplasm,EZH2,p.N152fs*15,0
409,Myeloid neoplasm,EZH2,p.Q539*,0
410,Myeloid neoplasm,EZH2,p.R216Q,0
411,Myeloid neoplasm,EZH2,p.R583*,0
412,Myeloid neoplasm,EZH2,p.R690C,0
413,Myeloid neoplasm,EZH2,p.S21A,0
414,Myeloid neoplasm,EZH2,p.S21D,0
415,Myeloid neoplasm,EZH2,p.S556*,0
416,Myeloid neoplasm,EZH2,p.V626M,0
417,Myeloid neoplasm,EZH2,p.W60*,0
418,Myeloid neoplasm,EZH2,p.Y111D,0
419,Myeloid neoplasm,EZH2,p.Y111N,0
420,Myeloid neoplasm,EZH2,p.Y641C,0
421,Myeloid neoplasm,EZH2,p.Y641F,0
422,Myeloid neoplasm,EZH2,p.Y641H,0
423,Myeloid neoplasm,EZH2,p.Y641N,0
424,Myeloid neoplasm,EZH2,p.Y641S,0
425,Myeloid neoplasm,EZH2,p.Y641X,0
426,Myeloid neoplasm,EZH2,p.Y646C,0
427,Myeloid neoplasm,EZH2,p.Y646F,0
428,Myeloid neoplasm,EZH2,p.Y646H,0
429,Myeloid neoplasm,EZH2,p.Y646N,0
430,Myeloid neoplasm,EZH2,p.Y646S,0
431,Myeloid neoplasm,FBXW7,p.E369*,0
432,Myeloid neoplasm,FBXW7,p.G423*,0
433,Myeloid neoplasm,FBXW7,p.G499Vfs*25,0
434,Myeloid neoplasm,FBXW7,p.H420Y,0
435,Myeloid neoplasm,FBXW7,p.H460R,0
436,Myeloid neoplasm,FBXW7,p.I347M,0
437,Myeloid neoplasm,FBXW7,p.I435fs*9,0
438,Myeloid neoplasm,FBXW7,p.K11R,0
439,Myeloid neoplasm,FBXW7,p.K299fs,0
440,Myeloid neoplasm,FBXW7,p.K444fs*32,0
441,Myeloid neoplasm,FBXW7,p.M83*,0
442,Myeloid neoplasm,FBXW7,p.Q47*,0
443,Myeloid neoplasm,FBXW7,p.R222*,0
444,Myeloid neoplasm,FBXW7,p.R224*,0
445,Myeloid neoplasm,FBXW7,p.R278*,0
446,Myeloid neoplasm,FBXW7,p.R367*,0
447,Myeloid neoplasm,FBXW7,p.R393*,0
448,Myeloid neoplasm,FBXW7,p.R465C,0
449,Myeloid neoplasm,FBXW7,p.R465H,0
450,Myeloid neoplasm,FBXW7,p.R465L,0
451,Myeloid neoplasm,FBXW7,p.R465P,0
452,Myeloid neoplasm,FBXW7,p.R465Y,0
453,Myeloid neoplasm,FBXW7,p.R473fs,0
454,Myeloid neoplasm,FBXW7,p.R473fs*25,0
455,Myeloid neoplasm,FBXW7,p.R473fs*4,0
456,Myeloid neoplasm,FBXW7,p.R479*,0
457,Myeloid neoplasm,FBXW7,p.R479G,0
458,Myeloid neoplasm,FBXW7,p.R479H,0
459,Myeloid neoplasm,FBXW7,p.R479L,0
460,Myeloid neoplasm,FBXW7,p.R479P,0
461,Myeloid neoplasm,FBXW7,p.R479Q,0
462,Myeloid neoplasm,FBXW7,p.R505C,0
463,Myeloid neoplasm,FBXW7,p.R505L,0
464,Myeloid neoplasm,FBXW7,p.R658*,0
465,Myeloid neoplasm,FBXW7,p.R658Q,0
466,Myeloid neoplasm,FBXW7,p.R689Q,0
467,Myeloid neoplasm,FBXW7,p.S227A,0
468,Myeloid neoplasm,FBXW7,p.S282*,0
469,Myeloid neoplasm,FBXW7,p.S462Y,0
470,Myeloid neoplasm,FBXW7,p.T15_G16insP,0
471,Myeloid neoplasm,FBXW7,p.T165fs,0
472,Myeloid neoplasm,FBXW7,p.W237*,0
473,Myeloid neoplasm,FBXW7,p.W244*,0
474,Myeloid neoplasm,FBXW7,p.W486*,0
475,Myeloid neoplasm,FLT3,exon 14 ins,0
476,Myeloid neoplasm,FLT3,p.A627T,0
477,Myeloid neoplasm,FLT3,p.A680fs*13,0
478,Myeloid neoplasm,FLT3,p.A680V,0
479,Myeloid neoplasm,FLT3,p.C184*,0
480,Myeloid neoplasm,FLT3,p.D324N,0
481,Myeloid neoplasm,FLT3,p.D600_L601insDFREYEYD,0
482,Myeloid neoplasm,FLT3,p.D600_L601insFREYEYD,0
483,Myeloid neoplasm,FLT3,p.D698N,0
484,Myeloid neoplasm,FLT3,p.D835A,0
485,Myeloid neoplasm,FLT3,p.D835del,0
486,Myeloid neoplasm,FLT3,p.D835E,0
487,Myeloid neoplasm,FLT3,p.D835F,0
488,Myeloid neoplasm,FLT3,p.D835G,0
489,Myeloid neoplasm,FLT3,p.D835H,0
490,Myeloid neoplasm,FLT3,p.D835N,0
491,Myeloid neoplasm,FLT3,p.D835V,0
492,Myeloid neoplasm,FLT3,p.D835X,0
493,Myeloid neoplasm,FLT3,p.D835Y,0
494,Myeloid neoplasm,FLT3,p.D839A,0
495,Myeloid neoplasm,FLT3,p.D839G,0
496,Myeloid neoplasm,FLT3,p.D839H,0
497,Myeloid neoplasm,FLT3,p.D839N,0
498,Myeloid neoplasm,FLT3,p.E140*,0
499,Myeloid neoplasm,FLT3,p.E236*,0
500,Myeloid neoplasm,FLT3,p.E366*,0
501,Myeloid neoplasm,FLT3,p.E598_Y599insDVDFREYE,0
502,Myeloid neoplasm,FLT3,p.E598_Y599insGLVQVTGSSDNEYFYVDFREYE,0
503,Myeloid neoplasm,FLT3,p.E608fs*26,0
504,Myeloid neoplasm,FLT3,p.E611fs*23,0
505,Myeloid neoplasm,FLT3,p.E612_F613insGYVDFREYEYDLKWEFRPRENLEF,0
506,Myeloid neoplasm,FLT3,p.F590G,0
507,Myeloid neoplasm,FLT3,p.F594L,0
508,Myeloid neoplasm,FLT3,p.F594_R595insSDNEYFYVDF,0
509,Myeloid neoplasm,FLT3,p.F612fs*22,0
510,Myeloid neoplasm,FLT3,p.F691L,0
511,Myeloid neoplasm,FLT3,p.G831E,0
512,Myeloid neoplasm,FLT3,p.G846R,0
513,Myeloid neoplasm,FLT3,p.I836del,0
514,Myeloid neoplasm,FLT3,p.I867S,0
515,Myeloid neoplasm,FLT3,p.K438fs*64,0
516,Myeloid neoplasm,FLT3,p.K602_W603insYEYDLK,0
517,Myeloid neoplasm,FLT3,p.K868N,0
518,Myeloid neoplasm,FLT3,p.L601_K602insREYEYDL,0
519,Myeloid neoplasm,FLT3,p.L610fs*24,0
520,Myeloid neoplasm,FLT3,p.L611_E612insCSSDNEYFYVDFREYEYDLKWEFPRENL,0
521,Myeloid neoplasm,FLT3,p.M737I,0
522,Myeloid neoplasm,FLT3,p.N587fs*24,0
523,Myeloid neoplasm,FLT3,p.N609fs*25,0
524,Myeloid neoplasm,FLT3,p.N676D,0
525,Myeloid neoplasm,FLT3,p.N676K,0
526,Myeloid neoplasm,FLT3,p.N676S,0
527,Myeloid neoplasm,FLT3,p.N841I,0
528,Myeloid neoplasm,FLT3,p.N841K,0
529,Myeloid neoplasm,FLT3,p.R607fs*27,0
530,Myeloid neoplasm,FLT3,p.R834Q,0
531,Myeloid neoplasm,FLT3,p.R845G,0
532,Myeloid neoplasm,FLT3,p.S451F,0
533,Myeloid neoplasm,FLT3,p.S840_N841insGS,0
534,Myeloid neoplasm,FLT3,p.S985fs,0
535,Myeloid neoplasm,FLT3,p.T167A,0
536,Myeloid neoplasm,FLT3,p.T820A,0
537,Myeloid neoplasm,FLT3,p.V194M,0
538,Myeloid neoplasm,FLT3,p.V579A,0
539,Myeloid neoplasm,FLT3,p.V579fs*3,0
540,Myeloid neoplasm,FLT3,p.V581*,0
541,Myeloid neoplasm,FLT3,p.V581fs*6,0
542,Myeloid neoplasm,FLT3,p.V592A,0
543,Myeloid neoplasm,FLT3,p.V592G,0
544,Myeloid neoplasm,FLT3,p.W603_E604insDREYEYDLKW,0
545,Myeloid neoplasm,FLT3,p.Y364H,0
546,Myeloid neoplasm,FLT3,p.Y572C,0
547,Myeloid neoplasm,FLT3,p.Y591D,0
548,Myeloid neoplasm,FLT3,p.Y599F,0
549,Myeloid neoplasm,FLT3,p.Y599_D600insEYEYEYEY,0
550,Myeloid neoplasm,FLT3,p.Y599_D600insGLYVDFREYEY,0
551,Myeloid neoplasm,FLT3,p.Y599_D600insPAPQIMSTSTLISENMNIA,0
552,Myeloid neoplasm,FLT3,p.Y599_D600insSTDNEYFYVDFREYEY,0
553,Myeloid neoplasm,FLT3,p.Y842C,0
554,Myeloid neoplasm,FLT3,p.Y842H,0
555,Myeloid neoplasm,FLT3,p.Y842S,0
556,Myeloid neoplasm,GATA2,p.G200fs*18,0
557,Myeloid neoplasm,GATA2,p.H25Pfs*159,0
558,Myeloid neoplasm,GATA2,p.R86Afs*33,0
559,Myeloid neoplasm,GATA2,p.T354M,0
560,Myeloid neoplasm,IDH1,p.E190K,0
561,Myeloid neoplasm,IDH1,p.G123R,0
562,Myeloid neoplasm,IDH1,p.G289fs,0
563,Myeloid neoplasm,IDH1,p.G70D,0
564,Myeloid neoplasm,IDH1,p.G97D,0
565,Myeloid neoplasm,IDH1,p.H133Q,0
566,Myeloid neoplasm,IDH1,p.I130M,0
567,Myeloid neoplasm,IDH1,p.I5fs*13,0
568,Myeloid neoplasm,IDH1,p.I99M,0
569,Myeloid neoplasm,IDH1,p.Q277*,0
570,Myeloid neoplasm,IDH1,p.R100*,0
571,Myeloid neoplasm,IDH1,p.R100A,0
572,Myeloid neoplasm,IDH1,p.R100Q,0
573,Myeloid neoplasm,IDH1,p.R132C,0
574,Myeloid neoplasm,IDH1,p.R132G,0
575,Myeloid neoplasm,IDH1,p.R132H,0
576,Myeloid neoplasm,IDH1,p.R132L,0
577,Myeloid neoplasm,IDH1,p.R132S,0
578,Myeloid neoplasm,IDH1,p.R132V,0
579,Myeloid neoplasm,IDH1,p.R132X,0
580,Myeloid neoplasm,IDH1,p.R49C,0
581,Myeloid neoplasm,IDH1,p.V178I,0
582,Myeloid neoplasm,IDH1,p.V294M,0
583,Myeloid neoplasm,IDH1,p.V71I,0
584,Myeloid neoplasm,IDH1,p.Y139D,0
585,Myeloid neoplasm,IDH2,p.A416V,0
586,Myeloid neoplasm,IDH2,p.A47V,0
587,Myeloid neoplasm,IDH2,p.E208*,0
588,Myeloid neoplasm,IDH2,p.E268D,0
589,Myeloid neoplasm,IDH2,p.F394I,0
590,Myeloid neoplasm,IDH2,p.F394V,0
591,Myeloid neoplasm,IDH2,p.G137E,0
592,Myeloid neoplasm,IDH2,p.G145fs,0
593,Myeloid neoplasm,IDH2,p.I139F,0
594,Myeloid neoplasm,IDH2,p.R140L,0
595,Myeloid neoplasm,IDH2,p.R140Q,0
596,Myeloid neoplasm,IDH2,p.R140W,0
597,Myeloid neoplasm,IDH2,p.R140X,0
598,Myeloid neoplasm,IDH2,p.R172G,0
599,Myeloid neoplasm,IDH2,p.R172K,0
600,Myeloid neoplasm,IDH2,p.R172M,0
601,Myeloid neoplasm,IDH2,p.R172S,0
602,Myeloid neoplasm,IDH2,p.R172W,0
603,Myeloid neoplasm,IDH2,p.R172X,0
604,Myeloid neoplasm,IDH2,p.T146fs*15,0
605,Myeloid neoplasm,IDH2,p.T331M,0
606,Myeloid neoplasm,IDH2,p.V294M,0
607,Myeloid neoplasm,IDH2,p.W244*,0
608,Myeloid neoplasm,JAK2,p.C618R,0
609,Myeloid neoplasm,JAK2,p.E177*,0
610,Myeloid neoplasm,JAK2,p.E274*,0
611,Myeloid neoplasm,JAK2,p.E386*,0
612,Myeloid neoplasm,JAK2,p.E818*,0
613,Myeloid neoplasm,JAK2,p.E846D,0
614,Myeloid neoplasm,JAK2,p.E864K,0
615,Myeloid neoplasm,JAK2,p.E890*,0
616,Myeloid neoplasm,JAK2,p.E985K,0
617,Myeloid neoplasm,JAK2,p.E987D,0
618,Myeloid neoplasm,JAK2,p.F537_K539delinsL,0
619,Myeloid neoplasm,JAK2,p.G571S,0
620,Myeloid neoplasm,JAK2,p.G614fs*29,0
621,Myeloid neoplasm,JAK2,p.G831R,0
622,Myeloid neoplasm,JAK2,p.G935R,0
623,Myeloid neoplasm,JAK2,p.I960V,0
624,Myeloid neoplasm,JAK2,p.K539L,0
625,Myeloid neoplasm,JAK2,p.L609fs*34,0
626,Myeloid neoplasm,JAK2,p.L611fs*32,0
627,Myeloid neoplasm,JAK2,p.M535I,0
628,Myeloid neoplasm,JAK2,p.M929I,0
629,Myeloid neoplasm,JAK2,p.N542_E543del,0
630,Myeloid neoplasm,JAK2,p.N612fs*31,0
631,Myeloid neoplasm,JAK2,p.N909K,0
632,Myeloid neoplasm,JAK2,p.P1057S,0
633,Myeloid neoplasm,JAK2,p.P132A,0
634,Myeloid neoplasm,JAK2,p.R1127K,0
635,Myeloid neoplasm,JAK2,p.R426*,0
636,Myeloid neoplasm,JAK2,p.R443*,0
637,Myeloid neoplasm,JAK2,p.R683*,0
638,Myeloid neoplasm,JAK2,p.R683G,0
639,Myeloid neoplasm,JAK2,p.R683K,0
640,Myeloid neoplasm,JAK2,p.R683S,0
641,Myeloid neoplasm,JAK2,p.R867Q,0
642,Myeloid neoplasm,JAK2,p.R938L,0
643,Myeloid neoplasm,JAK2,p.R975G,0
644,Myeloid neoplasm,JAK2,p.S358*,0
645,Myeloid neoplasm,JAK2,p.T875N,0
646,Myeloid neoplasm,JAK2,p.V617F,0
647,Myeloid neoplasm,JAK2,p.V881A,0
648,Myeloid neoplasm,JAK2,p.V881fs,0
649,Myeloid neoplasm,JAK2,p.Y613fs*30,0
650,Myeloid neoplasm,JAK2,p.Y918H,0
651,Myeloid neoplasm,JAK2,p.Y931C,0
652,Myeloid neoplasm,KIT,act mut,0
653,Myeloid neoplasm,KIT,missense,0
654,Myeloid neoplasm,KIT,p.A502_Y503dup,0
655,Myeloid neoplasm,KIT,p.A502_Y503insSA,0
656,Myeloid neoplasm,KIT,p.A829P,0
657,Myeloid neoplasm,KIT,p.C443Y,0
658,Myeloid neoplasm,KIT,p.D419del,0
659,Myeloid neoplasm,KIT,p.D52N,0
660,Myeloid neoplasm,KIT,p.D572A,0
661,Myeloid neoplasm,KIT,p.D579del,0
662,Myeloid neoplasm,KIT,p.D60N,0
663,Myeloid neoplasm,KIT,p.D816A,0
664,Myeloid neoplasm,KIT,p.D816E,0
665,Myeloid neoplasm,KIT,p.D816F,0
666,Myeloid neoplasm,KIT,p.D816G,0
667,Myeloid neoplasm,KIT,p.D816I,0
668,Myeloid neoplasm,KIT,p.D816N,0
669,Myeloid neoplasm,KIT,p.D816V,0
670,Myeloid neoplasm,KIT,p.D816Y,0
671,Myeloid neoplasm,KIT,p.D820A,0
672,Myeloid neoplasm,KIT,p.D820E,0
673,Myeloid neoplasm,KIT,p.D820G,0
674,Myeloid neoplasm,KIT,p.D820H,0
675,Myeloid neoplasm,KIT,p.D820N,0
676,Myeloid neoplasm,KIT,p.D820V,0
677,Myeloid neoplasm,KIT,p.D820Y,0
678,Myeloid neoplasm,KIT,p.E228*,0
679,Myeloid neoplasm,KIT,p.E249*,0
680,Myeloid neoplasm,KIT,p.E306*,0
681,Myeloid neoplasm,KIT,p.E490*,0
682,Myeloid neoplasm,KIT,p.E490K,0
683,Myeloid neoplasm,KIT,p.E554_K558del,0
684,Myeloid neoplasm,KIT,p.E561fs,0
685,Myeloid neoplasm,KIT,p.E695*,0
686,Myeloid neoplasm,KIT,p.E839K,0
687,Myeloid neoplasm,KIT,p.F522C,0
688,Myeloid neoplasm,KIT,p.G565*,0
689,Myeloid neoplasm,KIT,p.G812V,0
690,Myeloid neoplasm,KIT,p.H697Y,0
691,Myeloid neoplasm,KIT,p.I563_L576del,0
692,Myeloid neoplasm,KIT,p.I571_L576del,0
693,Myeloid neoplasm,KIT,p.K509I,0
694,Myeloid neoplasm,KIT,p.K550_K558del,0
695,Myeloid neoplasm,KIT,p.K550_V559del,0
696,Myeloid neoplasm,KIT,p.K550_W557del,0
697,Myeloid neoplasm,KIT,p.K558*,0
698,Myeloid neoplasm,KIT,p.K558delinsNP,0
699,Myeloid neoplasm,KIT,p.K558_E562del,0
700,Myeloid neoplasm,KIT,p.K558_N564del,0
701,Myeloid neoplasm,KIT,p.K558_V559del,0
702,Myeloid neoplasm,KIT,p.K558_V560del,0
703,Myeloid neoplasm,KIT,p.K642E,0
704,Myeloid neoplasm,KIT,p.L416fs,0
705,Myeloid neoplasm,KIT,p.L576del,0
706,Myeloid neoplasm,KIT,p.L576P,0
707,Myeloid neoplasm,KIT,p.M551_E554del,0
708,Myeloid neoplasm,KIT,p.M551_W557del,0
709,Myeloid neoplasm,KIT,p.M552_E554del,0
710,Myeloid neoplasm,KIT,p.M552_K558del,0
711,Myeloid neoplasm,KIT,p.M552_Q556del,0
712,Myeloid neoplasm,KIT,p.M552_W557del,0
713,Myeloid neoplasm,KIT,p.M552_Y553del,0
714,Myeloid neoplasm,KIT,p.N320fs*6,0
715,Myeloid neoplasm,KIT,p.N505I,0
716,Myeloid neoplasm,KIT,p.N564_L576del,0
717,Myeloid neoplasm,KIT,p.N564_Y578del,0
718,Myeloid neoplasm,KIT,p.N655K,0
719,Myeloid neoplasm,KIT,p.N822I,0
720,Myeloid neoplasm,KIT,p.N822K,0
721,Myeloid neoplasm,KIT,p.N822Y,0
722,Myeloid neoplasm,KIT,p.p.D816H,0
723,Myeloid neoplasm,KIT,p.P551_V555del,0
724,Myeloid neoplasm,KIT,p.P551_W557delinsL,0
725,Myeloid neoplasm,KIT,p.P577_D579del,0
726,Myeloid neoplasm,KIT,p.P754fs,0
727,Myeloid neoplasm,KIT,p.Q556_K558del,0
728,Myeloid neoplasm,KIT,p.Q556_V560del,0
729,Myeloid neoplasm,KIT,p.R634W,0
730,Myeloid neoplasm,KIT,p.R796G,0
731,Myeloid neoplasm,KIT,p.S197*,0
732,Myeloid neoplasm,KIT,p.S476I,0
733,Myeloid neoplasm,KIT,p.S501_A502insSAY,0
734,Myeloid neoplasm,KIT,p.T417_D419delinsI,0
735,Myeloid neoplasm,KIT,p.T417_D419delinsRA,0
736,Myeloid neoplasm,KIT,p.T417_D419delinsY,0
737,Myeloid neoplasm,KIT,p.T417_Y418delinsH,0
738,Myeloid neoplasm,KIT,p.T670I,0
739,Myeloid neoplasm,KIT,p.V530I,0
740,Myeloid neoplasm,KIT,p.V555_E562del,0
741,Myeloid neoplasm,KIT,p.V555_I571del,0
742,Myeloid neoplasm,KIT,p.V555_K558del,0
743,Myeloid neoplasm,KIT,p.V555_P573del,0
744,Myeloid neoplasm,KIT,p.V555_Q556del,0
745,Myeloid neoplasm,KIT,p.V555_V559del,0
746,Myeloid neoplasm,KIT,p.V555_V560del,0
747,Myeloid neoplasm,KIT,p.V556_L576del,0
748,Myeloid neoplasm,KIT,p.V556_V560del,0
749,Myeloid neoplasm,KIT,p.V559A,0
750,Myeloid neoplasm,KIT,p.V559D,0
751,Myeloid neoplasm,KIT,p.V559del,0
752,Myeloid neoplasm,KIT,p.V559fs,0
753,Myeloid neoplasm,KIT,p.V559G,0
754,Myeloid neoplasm,KIT,p.V559I,0
755,Myeloid neoplasm,KIT,p.V559K,0
756,Myeloid neoplasm,KIT,p.V559_E561del,0
757,Myeloid neoplasm,KIT,p.V559_G565del,0
758,Myeloid neoplasm,KIT,p.V559_V560del,0
759,Myeloid neoplasm,KIT,p.V560A,0
760,Myeloid neoplasm,KIT,p.V560D,0
761,Myeloid neoplasm,KIT,p.V560del,0
762,Myeloid neoplasm,KIT,p.V560E,0
763,Myeloid neoplasm,KIT,p.V560G,0
764,Myeloid neoplasm,KIT,p.V560_L576del,0
765,Myeloid neoplasm,KIT,p.V560_Y578del,0
766,Myeloid neoplasm,KIT,p.V569_L576del,0
767,Myeloid neoplasm,KIT,p.V654A,0
768,Myeloid neoplasm,KIT,p.V825A,0
769,Myeloid neoplasm,KIT,p.W557C,0
770,Myeloid neoplasm,KIT,p.W557del,0
771,Myeloid neoplasm,KIT,p.W557G,0
772,Myeloid neoplasm,KIT,p.W557R,0
773,Myeloid neoplasm,KIT,p.W557S,0
774,Myeloid neoplasm,KIT,p.W557_E561del,0
775,Myeloid neoplasm,KIT,p.W557_K558del,0
776,Myeloid neoplasm,KIT,p.W557_V559del,0
777,Myeloid neoplasm,KIT,p.W557_V560del,0
778,Myeloid neoplasm,KIT,p.W582*,0
779,Myeloid neoplasm,KIT,p.Y418_D419delinsG,0
780,Myeloid neoplasm,KIT,p.Y418_D419delinsS,0
781,Myeloid neoplasm,KIT,p.Y503_F504insAY,0
782,Myeloid neoplasm,KIT,p.Y553N,0
783,Myeloid neoplasm,KIT,p.Y553_K558del,0
784,Myeloid neoplasm,KIT,p.Y553_Q556del,0
785,Myeloid neoplasm,KIT,p.Y553_W557del,0
786,Myeloid neoplasm,KIT,p.Y568_T574del,0
787,Myeloid neoplasm,KIT,p.Y570_L576del,0
788,Myeloid neoplasm,KIT,p.Y578C,0
789,Myeloid neoplasm,KIT,p.Y578_D579del,0
790,Myeloid neoplasm,KIT,p.Y823D,0
791,Myeloid neoplasm,KIT,p.Y823N,0
792,Myeloid neoplasm,KMT2A,KMT2A - AFF1,0
793,Myeloid neoplasm,KMT2A,KMT2A - MLLT1,0
794,Myeloid neoplasm,KMT2A,KMT2A - MLLT10,0
795,Myeloid neoplasm,KMT2A,KMT2A - MLLT3,0
796,Myeloid neoplasm,KMT2A,p.E1361*,0
797,Myeloid neoplasm,KMT2A,p.E1472*,0
798,Myeloid neoplasm,KMT2A,p.R1064*,0
799,Myeloid neoplasm,KMT2A,p.R1151*,0
800,Myeloid neoplasm,KMT2A,p.R2379*,0
801,Myeloid neoplasm,KMT2A,p.R2656*,0
802,Myeloid neoplasm,KMT2A,p.R407*,0
803,Myeloid neoplasm,KMT2A,p.R652*,0
804,Myeloid neoplasm,KRAS,p.A146P,0
805,Myeloid neoplasm,KRAS,p.A146T,0
806,Myeloid neoplasm,KRAS,p.A146V,0
807,Myeloid neoplasm,KRAS,p.A59G,0
808,Myeloid neoplasm,KRAS,p.C118S,0
809,Myeloid neoplasm,KRAS,p.D119N,0
810,Myeloid neoplasm,KRAS,p.D153V,0
811,Myeloid neoplasm,KRAS,p.D33E,0
812,Myeloid neoplasm,KRAS,p.E31K,0
813,Myeloid neoplasm,KRAS,p.E62K,0
814,Myeloid neoplasm,KRAS,p.E63K,0
815,Myeloid neoplasm,KRAS,p.E76fs*9,0
816,Myeloid neoplasm,KRAS,p.E98*,0
817,Myeloid neoplasm,KRAS,p.F156L,0
818,Myeloid neoplasm,KRAS,p.F28L,0
819,Myeloid neoplasm,KRAS,p.G10dup,0
820,Myeloid neoplasm,KRAS,p.G12A,0
821,Myeloid neoplasm,KRAS,p.G12C,0
822,Myeloid neoplasm,KRAS,p.G12D,0
823,Myeloid neoplasm,KRAS,p.G12E,0
824,Myeloid neoplasm,KRAS,p.G12F,0
825,Myeloid neoplasm,KRAS,p.G12fs*3,0
826,Myeloid neoplasm,KRAS,p.G12I,0
827,Myeloid neoplasm,KRAS,p.G12L,0
828,Myeloid neoplasm,KRAS,p.G12N,0
829,Myeloid neoplasm,KRAS,p.G12R,0
830,Myeloid neoplasm,KRAS,p.G12S,0
831,Myeloid neoplasm,KRAS,p.G12V,0
832,Myeloid neoplasm,KRAS,p.G12W,0
833,Myeloid neoplasm,KRAS,p.G12X,0
834,Myeloid neoplasm,KRAS,p.G12Y,0
835,Myeloid neoplasm,KRAS,p.G13A,0
836,Myeloid neoplasm,KRAS,p.G13C,0
837,Myeloid neoplasm,KRAS,p.G13D,0
838,Myeloid neoplasm,KRAS,p.G13E,0
839,Myeloid neoplasm,KRAS,p.G13R,0
840,Myeloid neoplasm,KRAS,p.G13S,0
841,Myeloid neoplasm,KRAS,p.G13V,0
842,Myeloid neoplasm,KRAS,p.G13X,0
843,Myeloid neoplasm,KRAS,p.G60E,0
844,Myeloid neoplasm,KRAS,p.G60R,0
845,Myeloid neoplasm,KRAS,p.I24N,0
846,Myeloid neoplasm,KRAS,p.K117N,0
847,Myeloid neoplasm,KRAS,p.K147E,0
848,Myeloid neoplasm,KRAS,p.K5N,0
849,Myeloid neoplasm,KRAS,p.K88*,0
850,Myeloid neoplasm,KRAS,p.L19F,0
851,Myeloid neoplasm,KRAS,p.N116H,0
852,Myeloid neoplasm,KRAS,p.N116S,0
853,Myeloid neoplasm,KRAS,p.P34L,0
854,Myeloid neoplasm,KRAS,p.P34R,0
855,Myeloid neoplasm,KRAS,p.Q22*,0
856,Myeloid neoplasm,KRAS,p.Q22E,0
857,Myeloid neoplasm,KRAS,p.Q22K,0
858,Myeloid neoplasm,KRAS,p.Q22R,0
859,Myeloid neoplasm,KRAS,p.Q61A,0
860,Myeloid neoplasm,KRAS,p.Q61E,0
861,Myeloid neoplasm,KRAS,p.Q61H,0
862,Myeloid neoplasm,KRAS,p.Q61K,0
863,Myeloid neoplasm,KRAS,p.Q61L,0
864,Myeloid neoplasm,KRAS,p.Q61P,0
865,Myeloid neoplasm,KRAS,p.Q61R,0
866,Myeloid neoplasm,KRAS,p.Q61X,0
867,Myeloid neoplasm,KRAS,p.R164Q,0
868,Myeloid neoplasm,KRAS,p.T58I,0
869,Myeloid neoplasm,KRAS,p.T74P,0
870,Myeloid neoplasm,KRAS,p.V14I,0
871,Myeloid neoplasm,KRAS,p.V14L,0
872,Myeloid neoplasm,KRAS,p.V41I,0
873,Myeloid neoplasm,KRAS,p.Y32S,0
874,Myeloid neoplasm,KRAS,p.Y40A,0
875,Myeloid neoplasm,KRAS,p.Y71H,0
876,Myeloid neoplasm,MPL,p.E230G,0
877,Myeloid neoplasm,MPL,p.F126fs,0
878,Myeloid neoplasm,MPL,p.P106L,0
879,Myeloid neoplasm,MPL,p.R321W,0
880,Myeloid neoplasm,MPL,p.S204F,0
881,Myeloid neoplasm,MPL,p.S204P,0
882,Myeloid neoplasm,MPL,p.S232*,0
883,Myeloid neoplasm,MPL,p.S505N,0
884,Myeloid neoplasm,MPL,p.T119I,0
885,Myeloid neoplasm,MPL,p.T487A,0
886,Myeloid neoplasm,MPL,p.V114M,0
887,Myeloid neoplasm,MPL,p.V285E,0
888,Myeloid neoplasm,MPL,p.W515A,0
889,Myeloid neoplasm,MPL,p.W515C,0
890,Myeloid neoplasm,MPL,p.W515D,0
891,Myeloid neoplasm,MPL,p.W515E,0
892,Myeloid neoplasm,MPL,p.W515F,0
893,Myeloid neoplasm,MPL,p.W515G,0
894,Myeloid neoplasm,MPL,p.W515H,0
895,Myeloid neoplasm,MPL,p.W515I,0
896,Myeloid neoplasm,MPL,p.W515K,0
897,Myeloid neoplasm,MPL,p.W515L,0
898,Myeloid neoplasm,MPL,p.W515M,0
899,Myeloid neoplasm,MPL,p.W515N,0
900,Myeloid neoplasm,MPL,p.W515P,0
901,Myeloid neoplasm,MPL,p.W515Q,0
902,Myeloid neoplasm,MPL,p.W515R,0
903,Myeloid neoplasm,MPL,p.W515S,0
904,Myeloid neoplasm,MPL,p.W515T,0
905,Myeloid neoplasm,MPL,p.W515V,0
906,Myeloid neoplasm,MPL,p.W515Y,0
907,Myeloid neoplasm,MPL,p.W515_F517del,0
908,Myeloid neoplasm,MPL,p.W515_P518del,0
909,Myeloid neoplasm,MPL,p.Y591D,0
910,Myeloid neoplasm,NPM1,exon12,0
911,Myeloid neoplasm,NPM1,NPM1 - ALK,0
912,Myeloid neoplasm,NPM1,p.K263R,0
913,Myeloid neoplasm,NPM1,p.V156fs*6,0
914,Myeloid neoplasm,NPM1,p.W288Cfs*12,0
915,Myeloid neoplasm,NPM1,p.W288fs,0
916,Myeloid neoplasm,NPM1,p.W288fs*12,0
917,Myeloid neoplasm,NPM1,p.W288Lfs*12,0
918,Myeloid neoplasm,NRAS,p.A146T,0
919,Myeloid neoplasm,NRAS,p.E63K,0
920,Myeloid neoplasm,NRAS,p.G12A,0
921,Myeloid neoplasm,NRAS,p.G12C,0
922,Myeloid neoplasm,NRAS,p.G12D,0
923,Myeloid neoplasm,NRAS,p.G12N,0
924,Myeloid neoplasm,NRAS,p.G12P,0
925,Myeloid neoplasm,NRAS,p.G12R,0
926,Myeloid neoplasm,NRAS,p.G12S,0
927,Myeloid neoplasm,NRAS,p.G12V,0
928,Myeloid neoplasm,NRAS,p.G12X,0
929,Myeloid neoplasm,NRAS,p.G12Y,0
930,Myeloid neoplasm,NRAS,p.G13A,0
931,Myeloid neoplasm,NRAS,p.G13C,0
932,Myeloid neoplasm,NRAS,p.G13D,0
933,Myeloid neoplasm,NRAS,p.G13R,0
934,Myeloid neoplasm,NRAS,p.G13S,0
935,Myeloid neoplasm,NRAS,p.G13V,0
936,Myeloid neoplasm,NRAS,p.G13X,0
937,Myeloid neoplasm,NRAS,p.G60E,0
938,Myeloid neoplasm,NRAS,p.P34L,0
939,Myeloid neoplasm,NRAS,p.Q61E,0
940,Myeloid neoplasm,NRAS,p.Q61H,0
941,Myeloid neoplasm,NRAS,p.Q61K,0
942,Myeloid neoplasm,NRAS,p.Q61L,0
943,Myeloid neoplasm,NRAS,p.Q61P,0
944,Myeloid neoplasm,NRAS,p.Q61R,0
945,Myeloid neoplasm,NRAS,p.Q61X,0
946,Myeloid neoplasm,NRAS,p.S65C,0
947,Myeloid neoplasm,NRAS,p.T50I,0
948,Myeloid neoplasm,NRAS,p.T58I,0
949,Myeloid neoplasm,NRAS,p.Y64D,0
950,Myeloid neoplasm,PHF6,p.D264*,0
951,Myeloid neoplasm,PHF6,p.E139*,0
952,Myeloid neoplasm,PHF6,p.E68*,0
953,Myeloid neoplasm,PHF6,p.M1?,0
954,Myeloid neoplasm,PHF6,p.N23Kfs*2,0
955,Myeloid neoplasm,PHF6,p.R274*,0
956,Myeloid neoplasm,PHF6,p.S2*,0
957,Myeloid neoplasm,PTPN11,act mut,0
958,Myeloid neoplasm,PTPN11,p.A461T,0
959,Myeloid neoplasm,PTPN11,p.A72D,0
960,Myeloid neoplasm,PTPN11,p.A72S,0
961,Myeloid neoplasm,PTPN11,p.A72V,0
962,Myeloid neoplasm,PTPN11,p.D106A,0
963,Myeloid neoplasm,PTPN11,p.D61N,0
964,Myeloid neoplasm,PTPN11,p.D61Y,0
965,Myeloid neoplasm,PTPN11,p.E69K,0
966,Myeloid neoplasm,PTPN11,p.E76A,0
967,Myeloid neoplasm,PTPN11,p.E76G,0
968,Myeloid neoplasm,PTPN11,p.E76K,0
969,Myeloid neoplasm,PTPN11,p.F71I,0
970,Myeloid neoplasm,PTPN11,p.G503V,0
971,Myeloid neoplasm,PTPN11,p.G60R,0
972,Myeloid neoplasm,PTPN11,p.I282V,0
973,Myeloid neoplasm,PTPN11,p.M504V,0
974,Myeloid neoplasm,PTPN11,p.N308D,0
975,Myeloid neoplasm,PTPN11,p.N58S,0
976,Myeloid neoplasm,PTPN11,p.Q79R,0
977,Myeloid neoplasm,PTPN11,p.R498W,0
978,Myeloid neoplasm,PTPN11,p.T468M,0
979,Myeloid neoplasm,PTPN11,p.T507K,0
980,Myeloid neoplasm,PTPN11,p.T73I,0
981,Myeloid neoplasm,PTPN11,p.V45L,0
982,Myeloid neoplasm,PTPN11,p.Y279C,0
983,Myeloid neoplasm,PTPN11,p.Y62C,0
984,Myeloid neoplasm,PTPN11,p.Y63C,0
985,Myeloid neoplasm,RUNX1,p.D317N,0
986,Myeloid neoplasm,RUNX1,p.G42R,0
987,Myeloid neoplasm,RUNX1,p.K83Q,0
988,Myeloid neoplasm,RUNX1,p.M439L,0
989,Myeloid neoplasm,RUNX1,p.R139*,0
990,Myeloid neoplasm,RUNX1,p.R142Kfs*44,0
991,Myeloid neoplasm,RUNX1,p.R166*,0
992,Myeloid neoplasm,RUNX1,p.R174*,0
993,Myeloid neoplasm,RUNX1,p.R178*,0
994,Myeloid neoplasm,RUNX1,p.R293*,0
995,Myeloid neoplasm,RUNX1,p.R307Afs*266,0
996,Myeloid neoplasm,RUNX1,p.R349Hfs*221,0
997,Myeloid neoplasm,RUNX1,p.S114P,0
998,Myeloid neoplasm,RUNX1,p.S191Afs*4,0
999,Myeloid neoplasm,RUNX1,p.S249Tfs*322,0
1000,Myeloid neoplasm,RUNX1,p.S257Dfs*22,0
1001,Myeloid neoplasm,RUNX1,p.S287Cfs*285,0
1002,Myeloid neoplasm,RUNX1,p.S295*,0
1003,Myeloid neoplasm,RUNX1,p.S295Ffs*278,0
1004,Myeloid neoplasm,RUNX1,p.S70fs,0
1005,Myeloid neoplasm,RUNX1,p.S9*,0
1006,Myeloid neoplasm,RUNX1,p.T121*,0
1007,Myeloid neoplasm,RUNX1,p.T121Mfs*6,0
1008,Myeloid neoplasm,RUNX1,p.T187Pfs*23,0
1009,Myeloid neoplasm,RUNX1,p.T219Hfs*15,0
1010,Myeloid neoplasm,RUNX1,p.V105*,0
1011,Myeloid neoplasm,RUNX1,p.V269Qfs*13,0
1012,Myeloid neoplasm,RUNX1,p.V425G,0
1013,Myeloid neoplasm,RUNX1,p.W252*,0
1014,Myeloid neoplasm,RUNX1,p.W279*,0
1015,Myeloid neoplasm,RUNX1,p.W79*,0
1016,Myeloid neoplasm,RUNX1,p.Y113*,0
1017,Myeloid neoplasm,RUNX1,p.Y260*,0
1018,Myeloid neoplasm,SETBP1,p.D868N,0
1019,Myeloid neoplasm,SETBP1,p.E520*,0
1020,Myeloid neoplasm,SETBP1,p.G870S,0
1021,Myeloid neoplasm,SETBP1,p.I871T,0
1022,Myeloid neoplasm,SETBP1,p.R544*,0
1023,Myeloid neoplasm,SETBP1,p.W222*,0
1024,Myeloid neoplasm,SF3B1,p.E17*,0
1025,Myeloid neoplasm,SF3B1,p.E622D,0
1026,Myeloid neoplasm,SF3B1,p.G241*,0
1027,Myeloid neoplasm,SF3B1,p.G330*,0
1028,Myeloid neoplasm,SF3B1,p.G742D,0
1029,Myeloid neoplasm,SF3B1,p.G83*,0
1030,Myeloid neoplasm,SF3B1,p.H662Q,0
1031,Myeloid neoplasm,SF3B1,p.K666N,0
1032,Myeloid neoplasm,SF3B1,p.K666R,0
1033,Myeloid neoplasm,SF3B1,p.K666T,0
1034,Myeloid neoplasm,SF3B1,p.K700E,0
1035,Myeloid neoplasm,SF3B1,p.K700R,0
1036,Myeloid neoplasm,SF3B1,p.R16*,0
1037,Myeloid neoplasm,SF3B1,p.R318*,0
1038,Myeloid neoplasm,SF3B1,p.S336*,0
1039,Myeloid neoplasm,SF3B1,p.T434A,0
1040,Myeloid neoplasm,SRSF2,p.M1?,0
1041,Myeloid neoplasm,STAG2,p.D193N,0
1042,Myeloid neoplasm,STAG2,p.N357fs,0
1043,Myeloid neoplasm,STAG2,p.Q593*,0
1044,Myeloid neoplasm,STAG2,p.R110*,0
1045,Myeloid neoplasm,STAG2,p.R216*,0
1046,Myeloid neoplasm,STAG2,p.R259*,0
1047,Myeloid neoplasm,STAG2,p.R604*,0
1048,Myeloid neoplasm,STAG2,p.R614*,0
1049,Myeloid neoplasm,STAG2,p.S653*,0
1050,Myeloid neoplasm,STAG2,p.T626fs,0
1051,Myeloid neoplasm,STAG2,p.W102*,0
1052,Myeloid neoplasm,STAG2,p.Y636*,0
1053,Myeloid neoplasm,TET2,p.C1193W,0
1054,Myeloid neoplasm,TET2,p.D1143fs,0
1055,Myeloid neoplasm,TET2,p.H1881Q,0
1056,Myeloid neoplasm,TET2,p.H1881R,0
1057,Myeloid neoplasm,TET2,p.H1904R,0
1058,Myeloid neoplasm,TET2,p.I1762V,0
1059,Myeloid neoplasm,TET2,p.I1873T,0
1060,Myeloid neoplasm,TET2,p.I812fs,0
1061,Myeloid neoplasm,TET2,p.K1171fs,0
1062,Myeloid neoplasm,TET2,p.K67fs,0
1063,Myeloid neoplasm,TET2,p.M1293A,0
1064,Myeloid neoplasm,TET2,p.N1387A,0
1065,Myeloid neoplasm,TET2,p.Q1389*,0
1066,Myeloid neoplasm,TET2,p.Q876*,0
1067,Myeloid neoplasm,TET2,p.R1261G,0
1068,Myeloid neoplasm,TET2,p.R1262A,0
1069,Myeloid neoplasm,TET2,p.R1896M,0
1070,Myeloid neoplasm,TET2,p.R1896S,0
1071,Myeloid neoplasm,TET2,p.S1290A,0
1072,Myeloid neoplasm,TET2,p.S1303N,0
1073,Myeloid neoplasm,TET2,p.S1369*,0
1074,Myeloid neoplasm,TET2,p.W1291R,0
1075,Myeloid neoplasm,TET2,p.W1291_N1296delinsGGSGGS,0
1076,Myeloid neoplasm,TET2,p.Y1294A,0
1077,Myeloid neoplasm,TET2,p.Y1295A,0
1078,Myeloid neoplasm,TET2,p.Y1902A,0
1079,Myeloid neoplasm,TP53,p.C141S,0
1080,Myeloid neoplasm,TP53,p.C229R,0
1081,Myeloid neoplasm,TP53,p.C238Y,0
1082,Myeloid neoplasm,TP53,p.D324A,0
1083,Myeloid neoplasm,TP53,p.D324H,0
1084,Myeloid neoplasm,TP53,p.D324N,0
1085,Myeloid neoplasm,TP53,p.D324Y,0
1086,Myeloid neoplasm,TP53,p.H168N,0
1087,Myeloid neoplasm,TP53,p.K164N,0
1088,Myeloid neoplasm,TP53,p.K305N,0
1089,Myeloid neoplasm,TP53,p.K320E,0
1090,Myeloid neoplasm,TP53,p.P278A,0
1091,Myeloid neoplasm,TP53,p.P72R,0
1092,Myeloid neoplasm,TP53,p.R335H,0
1093,Myeloid neoplasm,TP53,p.S215fs,0
1094,Myeloid neoplasm,TP53,p.S240R,0
1095,Myeloid neoplasm,TP53,p.T102A,0
1096,Myeloid neoplasm,TP53,p.T125A,0
1097,Myeloid neoplasm,TP53,p.V272L,0
1098,Myeloid neoplasm,TP53,p.W53*,0
1099,Myeloid neoplasm,TP53,p.Y103*,0
1100,Myeloid neoplasm,TP53,p.Y327L,0
1101,Myeloid neoplasm,U2AF1,p.I24T,0
1102,Myeloid neoplasm,U2AF1,p.Q157P,0
1103,Myeloid neoplasm,U2AF1,p.Q157R,0
1104,Myeloid neoplasm,U2AF1,p.S34F,0
1105,Myeloid neoplasm,U2AF1,p.S34Y,0
1106,Myeloid neoplasm,ZRSR2,p.R126*,0
1107,Myeloid neoplasm,ZRSR2,p.S43*,0
1108,Myeloid neoplasm,ZRSR2,p.W153*,0
1109,NSCLC,ALK,p.C1156Y,0
1110,NSCLC,ALK,p.G1202R,0
1111,NSCLC,ALK,p.G1269A,0
1112,NSCLC,ALK,p.L1152R,0
1113,NSCLC,ALK,p.L1196M,0
1114,NSCLC,ALK,p.S1206Y,0
1115,NSCLC,BRAF,p.G466V,0
1116,NSCLC,BRAF,p.G469A,0
1117,NSCLC,BRAF,p.G469L,0
1118,NSCLC,BRAF,p.Y472C,0
1119,NSCLC,DDR2,p.S768R,0
1120,NSCLC,EGFR,p.A763_Y764insFQEA,0
1121,NSCLC,EGFR,p.A767_S768insTLA,0
1122,NSCLC,EGFR,p.D770>GY,0
1123,NSCLC,EGFR,p.D770_N771insG,0
1124,NSCLC,EGFR,p.D770_N771insNPG,0
1125,NSCLC,EGFR,p.D770_N771insSVD,0
1126,NSCLC,EGFR,p.G719A,0
1127,NSCLC,EGFR,p.G719C,0
1128,NSCLC,EGFR,p.G719S,0
1129,NSCLC,EGFR,p.H773_V774insH,0
1130,NSCLC,EGFR,p.H773_V774insNPH,0
1131,NSCLC,EGFR,p.V769_D770insASV,0
1132,NSCLC,EML4,Fusion,0
1133,NSCLC,KRAS,p.G12C,0
1134,NSCLC,KRAS,p.G12D,0
1135,NSCLC,KRAS,p.G12S,0
1136,NSCLC,KRAS,p.G12V,0
1137,NSCLC,KRAS,p.G13C,0
1138,NSCLC,KRAS,p.G13D,0
1139,NSCLC,KRAS,p.G13S,0
1140,NSCLC,NRAS,p.G12A,0
1141,NSCLC,NRAS,p.G12C,0
1142,NSCLC,NRAS,p.G12D,0
1143,NSCLC,NRAS,p.G12R,0
1144,NSCLC,NRAS,p.G12S,0
1145,NSCLC,NRAS,p.Q61H,0
1146,NSCLC,NRAS,p.Q61K,0
1147,NSCLC,NRAS,p.Q61L,0
1148,NSCLC,NRAS,p.Q61R,0
